"","class","pre"
"YGR282C_mRNA",1,0.892235387769595
"YLR143W_mRNA",1,0.586152663330247
"ENSMUSP00000127969.1",1,0.22763761221729
"ENSOCUP00000021782.2",1,0.793474799399566
"ENSBTAP00000035907.2",1,0.684415895639703
"W02G9.3",1,1.14952775529694
"YER003C_mRNA",1,0.579131414852635
"ENSP00000483117.1",1,0.965686079898043
"ENSP00000425147.1",1,0.884375198241787
"ENSELUP00000020572.1",1,-0.180313481588642
"ENSELUP00000023433.1",1,0.891919998924057
"ENSCHIP00000026460.1",1,1.08114688759363
"YDL189W_mRNA",1,0.871383963615367
"ENSCINP00000031674.1",1,0.486727618984668
"ENSP00000367787.3",1,0.96516853139293
"ENSMMUP00000020616.3",1,1.02932412676681
"ENSDARP00000050948.5",1,1.00845645675496
"ENSEBUP00000006455.1",1,0.707205891109114
"ENSTRUP00000057191.1",1,0.99570294497135
"ENSP00000356179.1",1,1.16591726341542
"ENSP00000435873.1",1,1.08223360070503
"ENSECAP00000012978.2",1,1.19875740249099
"F52C12.3",1,0.820257840362205
"ENSGALP00000014689.5",1,1.26320480043163
"ENSMUSP00000102716.1",1,1.07195670726795
"F58G11.2a",1,0.932027723693971
"YML126C_mRNA",1,0.984910984418059
"ENSCPOP00000030274.1",1,1.00652701892634
"ENSEBUP00000000130.1",1,0.959429092316229
"ENSOARP00000021835.1",1,0.938924509522172
"ENSP00000362807.4",1,0.983925767157687
"FBpp0081569",1,1.42676734963079
"YNL177C_mRNA",1,1.08527876891853
"ENSELUP00000010195.1",1,0.846302784028545
"ENSBTAP00000010706.4",1,1.03466445231092
"ENSCINP00000026560.2",1,1.11130039093401
"FBpp0291001",1,1.38452888779283
"F54C8.4a",1,1.02270665019279
"ENSMGAP00000019027.1",1,-0.34076096590387
"ENSP00000395591.1",1,0.96366671719824
"ENSORLP00000008519.2",1,0.834508124493851
"ENSRNOP00000014399.4",1,1.06979519081847
"FBpp0305158",1,0.557082411528899
"YNR019W_mRNA",1,1.08658955545236
"ENSP00000449762.1",1,0.872759447457722
"ENSEBUP00000023246.1",1,0.748122271104341
"ENSECAP00000019988.2",1,1.3621364170378
"FBpp0291259",1,0.708619195096917
"YOL059W_mRNA",1,0.557273103936652
"ENSECAP00000003823.2",1,1.32748995124665
"ENSCINP00000018655.3",1,1.00099706708187
"ENSELUP00000011075.1",1,1.02077482241343
"YFR032C_mRNA",1,1.03874853086709
"ZK1290.6",1,1.1926954870891
"ENSMUSP00000045126.7",1,1.13442337811423
"T21C9.12",1,1.11758894713503
"ENSORLP00000002509.2",1,1.19932045539308
"ENSP00000481752.1",1,1.09643287370918
"ENSELUP00000003411.1",1,1.07309320252551
"FBpp0079899",1,1.19919199205358
"ENSONIP00000018299.1",1,1.15506173500479
"FBpp0080906",1,1.00708363559696
"FBpp0077624",1,1.07652945649272
"ENSP00000333199.8",1,0.933424605067996
"YOR165W_mRNA",1,0.819291748187512
"ENSMUSP00000086873.4",1,1.1860371220425
"ENSXETP00000029449.3",1,0.536882775321811
"YDL043C_mRNA",1,1.10960224802874
"ENSP00000258975.6",1,1.01577935952226
"ENSP00000341483.5",1,0.876872493255189
"YDR353W_mRNA",1,0.592670302421905
"ENSGALP00000027063.4",1,0.985965758426636
"YHR179W_mRNA",1,0.547367937264711
"ENSTRUP00000000955.2",1,0.891669255918465
"FBpp0075902",1,1.02071625329018
"ENSELUP00000003086.1",1,1.30896198763199
"ENSBTAP00000004683.6",1,1.20604158830588
"Y57G11C.3a",1,0.944050172266662
"ENSPTRP00000091589.1",1,0.412974063519457
"ENSEBUP00000007367.1",1,1.20852233181993
"ENSEBUP00000016665.1",1,1.25274508728455
"H15N14.1c",1,1.10234423074217
"ENSELUP00000034817.1",1,1.03708402646443
"YLR165C_mRNA",1,0.709453656414615
"YML113W_mRNA",1,0.994493781203137
"YGR276C_mRNA",1,0.77789940935757
"FBpp0072940",1,1.15252170393433
"ENSTRUP00000055661.1",1,0.905080285812519
"ENSOARP00000022183.1",1,0.843761824526567
"ENSDARP00000127323.1",1,1.04789069205824
"ENSMMUP00000002474.3",1,0.975511175112896
"ENSMUSP00000055271.8",1,0.815661963984895
"R10E11.9",1,1.43372325813205
"ENSECAP00000016744.2",1,1.18758601333588
"YDR365C_mRNA",1,1.01645000414116
"ENSORLP00000029403.1",1,0.926487077179465
"ENSBTAP00000058871.1",1,0.866134409877028
"YGL068W_mRNA",1,0.886301431532978
"T20B12.7",1,0.996828654149986
"T07D4.4a",1,1.07906020828378
"ENSBTAP00000067611.1",1,1.02687371868987
"YBL057C_mRNA",1,1.20588387792101
"ENSP00000355518.3",1,0.701328602875113
"YMR090W_mRNA",1,0.512623221352504
"ENSP00000444968.1",1,0.786539647187659
"ENSBTAP00000057457.1",1,1.07625310340034
"YGL243W_mRNA",1,0.87910395501549
"ENSECAP00000011666.2",1,1.2209612117959
"ENSECAP00000017270.2",1,0.500163987478736
"ENSEBUP00000004368.1",1,0.953755600161019
"C18A3.1",1,0.675794533687287
"ENSP00000345347.5",1,1.0997102723349
"YDR513W_mRNA",1,1.34265089206045
"ENSDARP00000121489.1",1,0.697158350067211
"Y51H4A.15",1,0.639897981169079
"ENSOANP00000007188.2",1,1.09894705798959
"ENSDARP00000136809.1",1,0.99380121187305
"ENSFCAP00000049045.1",1,1.15330895738649
"ENSOANP00000021272.2",1,0.926777739664268
"F33D4.5",1,1.29135346262776
"YHR189W_mRNA",1,0.349453648111428
"ENSDARP00000035017.7",1,1.12756851933211
"F59A2.3.1",1,1.37297419680305
"ENSGALP00000073581.1",1,0.909127330997658
"C35D10.12",1,1.40733313829365
"FBpp0086687",1,1.01555489415576
"ENSGALP00000007858.6",1,0.79092570310117
"ENSEBUP00000020190.1",1,0.739727297617984
"FBpp0084778",1,0.962506878641951
"ENSONIP00000015825.1",1,0.988039510668743
"ENSRNOP00000074355.1",1,0.533401248423471
"M7.3",1,1.10262113309296
"ENSORLP00000018586.2",1,1.04767436935203
"FBpp0072970",1,1.14345205092491
"FBpp0087562",1,0.647879760603566
"ENSCINP00000016192.3",1,0.865959046973242
"ENSP00000491638.1",1,1.2920477504233
"ENSMUSP00000053514.6",1,0.703867059599887
"ENSP00000418535.2",1,0.493692324757161
"ENSECAP00000015649.2",1,1.22374472126349
"ENSP00000262613.5",1,1.01971533177424
"ENSMUSP00000145308.1",1,1.09244098220823
"ENSORLP00000028326.1",1,1.0777077704066
"Y59A8B.10a.1",1,1.17432712062771
"YEL002C_mRNA",1,0.729445746976317
"ENSBTAP00000005226.4",1,0.901982080973814
"YGL162W_mRNA",1,1.23792863159899
"ENSOARP00000004447.1",1,0.823125896232828
"ENSP00000402829.2",1,0.881464432320964
"ENSMMUP00000060340.1",1,0.524820880405682
"ENSORLP00000034270.1",1,1.31371139162103
"ENSECAP00000016122.2",1,1.10641599243417
"ENSP00000280346.6",1,0.988468973903601
"ENSMUSP00000115890.1",1,0.947228064194994
"YMR178W_mRNA",1,0.264295523895145
"ENSXETP00000024915.2",1,0.821726827898106
"Y37D8A.21",1,1.24586195251463
"T23D8.5",1,-0.595443878481169
"YNL064C_mRNA",1,1.15299043399406
"ENSMUSP00000129739.1",1,1.12381944226056
"ENSMUSP00000044420.3",1,1.31387421171859
"YMR173W_mRNA",1,0.607328905972935
"ENSTRUP00000052119.1",1,0.275746709954067
"ENSFCAP00000027283.2",1,0.743880929188087
"ENSBTAP00000060607.1",1,0.793747205416501
"FBpp0089139",1,1.16238558543727
"ENSP00000342778.4",1,0.594075531478198
"FBpp0293000",1,1.22700329978651
"ENSMMUP00000030178.3",1,0.87674622835399
"R53.2.1",1,0.726324660182273
"FBpp0080929",1,1.14251477708914
"ENSTRUP00000053058.1",1,0.727662587746289
"ENSP00000465369.1",1,1.28488274854794
"ENSEBUP00000014064.1",1,1.15709437484636
"ENSTRUP00000051901.1",1,0.729528038600589
"FBpp0082540",1,0.82524496766997
"ENSMUSP00000128969.1",1,0.747357591325145
"ENSOANP00000018556.1",1,1.0154104625939
"YOR017W_mRNA",1,0.889457854814398
"ENSP00000381225.1",1,1.11861928456814
"ENSP00000422518.1",1,1.03798829671458
"ENSGALP00000052382.2",1,1.05597882681455
"C07E3.2",1,0.873563862731464
"ENSSSCP00000036509.1",1,0.751592448220741
"ENSFCAP00000008066.4",1,0.990804865283641
"ENSSSCP00000010454.3",1,0.926397868547099
"ENSTRUP00000052770.1",1,1.18465004684228
"C54H2.3",1,0.868459810004057
"ZC477.5",1,0.660777965000851
"ENSDARP00000142685.1",1,0.299368578841896
"YGR250C_mRNA",1,0.849900244954474
"F07H5.10",1,0.783761027088908
"ENSONIP00000014347.1",1,0.512745506302053
"ENSTRUP00000055944.1",1,0.71971617455332
"ENSBTAP00000026257.6",1,0.950391834867086
"F23F1.9",1,0.855813974072459
"ENSCINP00000021107.3",1,0.998469463512234
"ENSRNOP00000001791.5",1,0.664616416771582
"ENSMUSP00000070751.5",1,0.833308396844247
"ENSTRUP00000048214.1",1,0.55185150248383
"YHR064C_mRNA",1,0.944457624933249
"ENSORLP00000044905.1",1,1.20446978872753
"ENSEBUP00000015553.1",1,0.561502585824244
"ENSP00000468090.1",1,0.658822428537464
"ENSMUSP00000030201.7",1,0.297068881399393
"YDL202W_mRNA",1,1.00875465720405
"ENSECAP00000008420.2",1,1.12889540565825
"YDR398W_mRNA",1,1.26246552864879
"ENSCINP00000010056.3",1,1.20877977805224
"FBpp0079445",1,1.09752825048233
"ENSEBUP00000026030.1",1,0.539394192937297
"ENSP00000357838.5",1,0.41042263533893
"ENSP00000459029.1",1,0.856517136551312
"C25D7.8.1",1,0.561771541091063
"M88.5c",1,0.935489255271149
"YNL015W_mRNA",1,0.109595943175668
"ENSDARP00000099658.2",1,1.10738601225214
"ENSP00000355586.4",1,1.26070647525682
"YCR046C_mRNA",1,1.07037934114749
"YGL246C_mRNA",1,0.927248348200822
"YDR251W_mRNA",1,0.933988876302454
"ENSMUSP00000090230.6",1,1.09796091935843
"FBpp0074129",1,1.05837996256692
"ENSP00000475900.1",1,0.438266735687252
"ENSSSCP00000038692.1",1,1.0878349321659
"ENSDARP00000089746.3",1,0.591702181191011
"ENSP00000466275.3",1,0.651059640446508
"FBpp0087974",1,0.954392858702353
"FBpp0291095",1,1.09186730355991
"ENSMUSP00000113204.1",1,0.782533578090768
"YNL055C_mRNA",1,0.98862173788038
"ENSP00000488192.1",1,1.02137242222522
"ENSEBUP00000018957.1",1,1.1327182096939
"FBpp0289795",1,0.888614918432312
"ENSEBUP00000019437.1",1,0.893872815041906
"ENSORLP00000014773.1",1,1.02782858734639
"ENSGALP00000066604.1",1,0.662971054570401
"ENSMUSP00000006301.4",1,0.856893259020282
"ENSGALP00000073657.1",1,1.05060044797627
"ENSOARP00000011326.1",1,0.240738454270828
"ENSP00000425460.1",1,1.19262424585642
"ENSP00000366179.3",1,1.17047533403843
"ENSECAP00000025042.1",1,1.22992129665815
"ZK938.7.1",1,0.841669555452301
"ENSEBUP00000014135.1",1,1.25057795047999
"FBpp0084281",1,1.00490945202831
"ENSEBUP00000006720.1",1,1.02126459511074
"Y52B11A.10",1,1.36980318018767
"ENSP00000382150.3",1,1.04377558044258
"ENSP00000381736.5",1,1.47851255140188
"ENSMUSP00000041732.5",1,1.07863562391306
"C49H3.9",1,1.13408718314819
"ENSP00000424735.1",1,0.465867991908175
"ENSORLP00000041158.1",1,1.05820858478593
"ENSECAP00000025580.1",1,0.806774525636371
"FBpp0073597",1,0.937404476550596
"ENSMUSP00000023486.8",1,0.73557387089822
"ENSXETP00000062146.1",1,1.17041989567511
"ENSP00000496997.1",1,0.615483406385902
"FBpp0087649",1,1.19874762144457
"ENSMUSP00000099411.3",1,0.137490936241149
"ENSMUSP00000063325.5",1,0.548014618159869
"ENSCINP00000013281.3",1,1.07572230020859
"FBpp0088518",1,1.00667275297176
"ENSDARP00000078653.3",1,0.951456474262734
"ENSP00000478171.1",1,1.23719618798784
"EEED8.10a",1,0.529423076039947
"YDL103C_mRNA",1,0.826305081236132
"FBpp0077504",1,0.400673190545756
"YDR117C_mRNA",1,0.916695128216557
"ENSFCAP00000011350.5",1,1.48781918969354
"ENSORLP00000021673.2",1,0.799596205532355
"ENSMUSP00000113678.1",1,1.10813695842548
"R03D7.7",1,0.930624629864924
"ENSMUSP00000105646.2",1,1.22875900638773
"YMR203W_mRNA",1,0.975659730171741
"YJL218W_mRNA",1,0.0375689695553978
"ENSMUSP00000005077.6",1,0.895017502645565
"ENSP00000403365.2",1,0.64687243378895
"ENSMUSP00000023105.3",1,0.415283690775626
"ENSXETP00000043135.3",1,0.876020854788645
"ENSMUSP00000021052.9",1,0.864340243033641
"F02A9.3.1",1,0.755008612531848
"YDR440W_mRNA",1,1.08697926690078
"ENSEBUP00000027550.1",1,0.947323453756944
"FBpp0309755",1,1.12777268686368
"ENSEBUP00000024449.1",1,0.837590152974045
"ENSONIP00000011860.1",1,0.906838602976677
"T22B7.4",1,1.11465042531467
"C09G9.6",1,1.10791038071384
"FBpp0076284",1,1.22633253845739
"YLR244C_mRNA",1,0.56908708061636
"ENSMUSP00000070504.7",1,1.05268631441728
"YDR129C_mRNA",1,1.21492732972895
"ENSCINP00000020322.3",1,0.950409919570798
"FBpp0080387",1,1.08316376703412
"ENSMUSP00000054307.6",1,1.31014657445696
"ENSP00000484616.1",1,1.01027322338788
"ENSCINP00000018420.3",1,1.11883060037138
"ENSP00000458350.1",1,0.999808951559095
"ENSDARP00000098110.3",1,1.0075422301968
"ENSOARP00000019407.1",1,1.10914809960633
"ENSEBUP00000004175.1",1,1.12418194434735
"ENSONIP00000012027.1",1,0.634021169879959
"ENSMUSP00000082288.5",1,0.906577263382688
"YNL208W_mRNA",1,1.33951627009646
"ENSMUSP00000138083.1",1,0.67611997774493
"ENSCINP00000012825.3",1,1.02889577836467
"ENSP00000406061.2",1,0.969489389967994
"ENSECAP00000001477.2",1,1.15677205422151
"ENSBTAP00000012544.3",1,0.796009638442658
"ENSOARP00000011131.1",1,1.17987822458309
"ENSP00000434611.1",1,0.745022069253068
"FBpp0084267",1,0.989082741559632
"YPL105C_mRNA",1,1.05056578649231
"ENSXETP00000029511.3",1,0.858182842272257
"ENSMUSP00000133204.1",1,0.459135313281616
"YNR021W_mRNA",1,0.762529602515572
"T21B10.1",1,0.951628932134637
"YDL131W_mRNA",1,0.673747285760103
"ENSMUSP00000144984.1",1,0.323068770235485
"ENSMUSP00000034644.8",1,0.908942030246952
"ENSELUP00000018186.1",1,1.08948234248048
"ENSP00000430639.1",1,0.440658329610655
"Y53G8AR.9",1,0.879354085065291
"ENSMUSP00000005413.3",1,0.95469241539789
"ENSP00000429824.1",1,1.06422176356696
"ENSCHIP00000020925.1",1,1.24130624547315
"ENSORLP00000035570.1",1,1.09295493120696
"ENSMFAP00000043251.1",1,1.09309955283167
"ZK1307.9",1,1.0826994994493
"ENSMMUP00000038684.2",1,1.08358798571941
"ENSP00000354218.4",1,1.04485974922334
"ENSGALP00000010944.6",1,0.613017347298759
"FBpp0309175",1,1.06100091966499
"ENSEBUP00000022850.1",1,1.15555191118532
"ENSP00000413346.1",1,0.392460638517904
"ENSECAP00000033733.1",1,1.12586893047635
"YCR090C_mRNA",1,0.463975274571412
"ENSP00000463481.1",1,0.801742139724763
"Y54E10A.7.1",1,0.626968046856626
"ENSP00000435272.1",1,0.877183074949771
"ENSRNOP00000071179.1",1,0.371651003665683
"FBpp0300877",1,0.864464584253997
"YJL096W_mRNA",1,1.00414607184793
"ENSCHIP00000009391.1",1,1.09011796792867
"FBpp0304100",1,0.894747436943929
"K11D2.5",1,1.08872615912874
"C34E10.11",1,1.07691838726464
"ENSOCUP00000023554.2",1,1.12975695741839
"ENSMMUP00000007104.3",1,1.24699098044433
"YMR003W_mRNA",1,0.9484652330144
"FBpp0077065",1,1.07556347015513
"FBpp0303669",1,0.779937449153833
"ENSOANP00000004720.1",1,1.09155803405741
"FBpp0289271",1,0.905814667518005
"ENSP00000356436.3",1,0.84606871184341
"ENSP00000268058.3",1,0.935357427304068
"YGL136C_mRNA",1,0.680590815201009
"ENSONIP00000003776.1",1,1.02523495056388
"ENSP00000493041.1",1,1.11119215054515
"ENSMUSP00000053483.4",1,1.08968774050647
"Y75B8A.7",1,0.978554504427428
"ENSP00000360184.4",1,0.713925371540715
"ENSCINP00000008581.3",1,0.921014098620336
"YEL032W_mRNA",1,0.932053864588593
"ENSP00000380990.3",1,0.640535719046787
"ENSELUP00000024555.1",1,1.2793401913945
"ENSEBUP00000010985.1",1,0.972369363826277
"YDL092W_mRNA",1,0.933805440601867
"ENSP00000350848.2",1,1.142327471934
"ENSORLP00000007030.2",1,0.615348685329281
"ENSONIP00000002947.1",1,1.03413148530468
"ENSP00000265174.4",1,1.37892422693404
"ENSRNOP00000034180.3",1,0.705365151275861
"ENSFCAP00000041202.1",1,1.24701902424139
"FBpp0081342",1,1.12132739768575
"ENSMUSP00000049147.4",1,1.2456912990822
"ENSMUSP00000151403.1",1,1.63011309702301
"ENSP00000397891.1",1,0.760808662679562
"C03A3.3",1,-0.248306311636072
"ENSPTRP00000086742.1",1,1.00472089002196
"Y73B6A.4",1,0.584207875864396
"ENSCINP00000008964.3",1,0.573931925732342
"FBpp0289702",1,1.11479435862725
"ENSEBUP00000005708.1",1,1.22849390043469
"ENSOARP00000011962.1",1,1.07337316916384
"FBpp0099920",1,-0.328565334103425
"ENSORLP00000034791.1",1,0.329415908944462
"FBpp0289481",1,1.16362690527947
"FBpp0087569",1,1.03613794637408
"F49F1.14",1,0.944172116469965
"FBpp0308797",1,0.506054625150995
"W03D2.4",1,0.269812935296077
"ENSP00000415589.1",1,0.597341541492026
"YGR280C_mRNA",1,0.796409363303638
"ENSEBUP00000009083.1",1,0.992322298644182
"T07A9.9a.1",1,1.15421189124694
"ENSBTAP00000003444.6",1,0.141086861287356
"C18A3.3",1,1.14731712620773
"ENSMUSP00000027626.6",1,0.897426166675471
"FBpp0306760",1,0.586314469457335
"ENSSSCP00000036461.1",1,0.812380970498343
"YPR100W_mRNA",1,1.34804915981913
"YJR088C_mRNA",1,0.27126548585653
"ENSCINP00000005569.3",1,0.921070822086146
"YGR159C_mRNA",1,0.58123888563535
"ENSOCUP00000020560.1",1,0.642236703175518
"ENSXETP00000062387.1",1,1.20400525021574
"ENSP00000430309.1",1,1.35260507113815
"YGL178W_mRNA",1,0.930561023435477
"K10C9.3",1,0.997382534951599
"ENSP00000350012.3",1,1.28258366499917
"ENSFCAP00000050423.1",1,0.817824286006801
"YLR192C_mRNA",1,1.21056543600687
"W02D3.11a",1,1.02921019990713
"ENSEBUP00000018798.1",1,1.12369479418941
"ENSP00000443585.1",1,1.16548015487765
"ENSCPOP00000031876.1",1,0.645848376514697
"YMR014W_mRNA",1,1.02537938833087
"ENSMUSP00000137476.1",1,1.06644472047714
"ENSP00000487420.1",1,1.27299148833337
"YML042W_mRNA",1,0.857748139672176
"YDR174W_mRNA",1,0.954164913306351
"ENSP00000421839.1",1,0.999930513193878
"FBpp0293470",1,0.86760142607233
"ENSECAP00000029297.1",1,0.81269502019658
"ENSORLP00000030377.1",1,1.18075506635149
"ENSELUP00000000304.1",1,0.999417256783237
"FBpp0076825",1,1.00934839555322
"CD4.3.1",1,0.972412834210498
"ENSP00000351926.4",1,1.05040487756979
"ENSMUSP00000070149.4",1,0.432288103203631
"ENSP00000272091.7",1,0.963473540831902
"YNL225C_mRNA",1,0.88398113467791
"ENSP00000462950.1",1,0.853582679977864
"ENSP00000431520.1",1,0.537335320994013
"ENSRNOP00000073234.1",1,1.06655209626958
"ENSELUP00000038451.1",1,0.793580814701389
"ENSGALP00000072364.1",1,1.02807862481607
"YDR332W_mRNA",1,1.01478535373068
"ENSMUSP00000115155.1",1,1.37473146992898
"K06H7.3.1",1,1.02372164157499
"ENSMUSP00000105976.2",1,0.867648836690679
"ENSTRUP00000051952.1",1,0.607556826307049
"ENSECAP00000022006.2",1,0.492328702058065
"ENSONIP00000022532.1",1,0.567184047585114
"F54D8.2.1",1,0.653753120565718
"ENSMUSP00000108236.3",1,0.594789685923175
"ENSTRUP00000051778.1",1,1.19101785131727
"ENSP00000495765.1",1,1.19315979757948
"ENSP00000408108.2",1,1.2309660305278
"YGL130W_mRNA",1,1.18497134242996
"FBpp0297502",1,1.00271294540915
"YNR006W_mRNA",1,1.11821424498771
"ENSP00000395872.1",1,1.1074159920485
"ENSP00000262640.6",1,1.33161548629128
"Y66H1B.4",1,0.800209919563046
"YPL243W_mRNA",1,0.744579576808423
"ENSECAP00000000188.2",1,1.16909264333654
"YNL134C_mRNA",1,1.12991802715846
"ENSGALP00000061989.1",1,0.982534171839965
"YDR292C_mRNA",1,0.894394409698008
"ENSP00000291634.6",1,1.01122460576363
"ENSP00000407448.1",1,1.18023064452625
"ENSMUSP00000021335.5",1,0.804287200394776
"FBpp0293396",1,0.757010068783096
"YHL021C_mRNA",1,0.820702584244324
"ENSECAP00000031106.1",1,1.03316526156052
"C29F5.3",1,1.11410389368408
"ENSMUSP00000070680.2",1,0.647807195365245
"ENSMUSP00000107173.1",1,1.08435175304854
"YHR108W_mRNA",1,1.01395531662016
"FBpp0081651",1,1.04364353986054
"ENSP00000432661.1",1,0.865883656262142
"Y97E10AR.5",1,0.998777824018367
"ENSP00000228506.3",1,1.01165881987063
"ENSP00000252992.4",1,1.1454603337872
"ENSPTRP00000093248.1",1,1.10810253687598
"YLR196W_mRNA",1,0.824339119380802
"ENSELUP00000035224.1",1,1.16773394137857
"ENSOARP00000019458.1",1,0.738714431967278
"ENSMUSP00000072136.5",1,0.787476592197082
"ENSP00000453284.1",1,0.686841367158351
"ENSDARP00000125630.1",1,0.89113786584945
"ENSP00000436834.1",1,0.688265306876185
"ENSELUP00000020308.1",1,0.565901726668484
"ENSPTRP00000078410.1",1,1.01543255886129
"FBpp0089363",1,1.07106201750748
"YCR028C.A_mRNA",1,1.29523423108364
"ENSRNOP00000073490.1",1,1.31608895866899
"B0205.8.1",1,1.09896670818837
"FBpp0084759",1,0.449680102021926
"ENSP00000425042.1",1,0.753330426000859
"ENSDARP00000129551.1",1,0.604792265069398
"ENSGALP00000073601.1",1,0.978459566863763
"ENSMUSP00000032216.6",1,0.412143091229147
"ENSELUP00000008691.1",1,1.05661852606302
"ENSP00000376899.2",1,0.134975230083996
"ENSMUSP00000067290.2",1,0.777098467172523
"YLL026W_mRNA",1,0.855867288518346
"ENSCINP00000015337.3",1,0.968763108409244
"ENSFCAP00000035220.2",1,1.22193298051001
"YGR178C_mRNA",1,1.04404836224028
"ENSECAP00000036780.1",1,1.52199506915042
"ENSMUSP00000035222.5",1,1.07608374315808
"ENSECAP00000030691.1",1,1.10694375780008
"FBpp0084171",1,0.785931028658624
"YGR093W_mRNA",1,0.762555439960793
"FBpp0291628",1,0.962752923974344
"ENSP00000420893.1",1,1.2047270673995
"YDR051C_mRNA",1,-0.10132544233307
"F58A4.9.1",1,0.832431634880944
"ENSXETP00000064123.1",1,1.06410518482216
"YBR078W_mRNA",1,1.2023106185779
"ENSEBUP00000016546.1",1,0.980895119038403
"ENSEBUP00000003281.1",1,1.13157461064573
"FBpp0077630",1,0.809461181390787
"ENSP00000357727.3",1,0.113935324401782
"YDR482C_mRNA",1,0.802359368036693
"ENSP00000384939.3",1,1.07052044461221
"ENSP00000415949.2",1,0.303053193438738
"FBpp0072214",1,1.00030806052025
"ENSMUSP00000074724.6",1,0.779420614279621
"ENSP00000273317.4",1,1.04291360093601
"ENSELUP00000023970.1",1,0.944698016881492
"ENSTRUP00000025709.2",1,-0.549518048407271
"ENSCINP00000010340.3",1,0.914445664822265
"ENSEBUP00000016785.1",1,1.13692371399598
"ENSCINP00000033503.1",1,0.0948689075544489
"ENSDARP00000130821.1",1,0.358789156018728
"FBpp0078376",1,1.05508336939359
"K04F10.1",1,0.894904665521661
"YHR067W_mRNA",1,1.00337981568611
"ENSP00000359990.3",1,0.904079343644349
"ENSMUSP00000096136.4",1,1.00125870089005
"ENSDARP00000054875.6",1,0.748119571238049
"YIL143C_mRNA",1,0.943701685103442
"FBpp0075534",1,0.894119594666487
"ENSOCUP00000012778.3",1,1.17929252236284
"ENSBTAP00000025736.5",1,1.13173814687037
"ENSECAP00000028198.1",1,1.1331039976209
"ENSOCUP00000001681.3",1,0.973541977489246
"ENSSSCP00000041733.1",1,1.08357682642402
"YLR271W_mRNA",1,0.967434933029616
"C53C9.2.1",1,1.1418103853004
"ENSP00000367265.4",1,0.721614910147305
"ENSP00000493048.1",1,0.742435243379172
"C41G7.3",1,0.987507760929108
"ENSPMAP00000005385.1",1,0.668941162538836
"ENSSSCP00000035104.1",1,0.906653493901477
"ENSP00000441434.1",1,0.220891891617392
"FBpp0070465",1,1.04780317217726
"ENSMGAP00000005833.2",1,0.649010506789906
"YPR008W_mRNA",1,0.843011025388855
"ENSOARP00000001633.1",1,0.660490305177353
"ENSP00000495845.1",1,0.792110101052437
"YNL248C_mRNA",1,1.16019464722157
"ENSCINP00000005575.3",1,0.599982657521086
"ENSOARP00000010820.1",1,1.4257822693842
"ENSELUP00000028607.1",1,0.578547045038834
"ENSBTAP00000001851.5",1,0.672670032836729
"YKL170W_mRNA",1,1.38036906702815
"ENSBTAP00000057191.1",1,1.35623969559688
"ENSCINP00000034981.1",1,0.971227426867268
"YJR093C_mRNA",1,1.03311820971818
"ENSP00000356110.4",1,0.810676865026353
"ENSORLP00000016793.2",1,1.16972306698864
"ENSECAP00000046654.1",1,1.34114768710618
"FBpp0081384",1,1.22571124232271
"YGR234W_mRNA",1,0.775641006914921
"YNL005C_mRNA",1,1.05559277750912
"Y48E1B.2a",1,1.1593488941445
"YHR105W_mRNA",1,0.922374408816067
"FBpp0071822",1,0.930503499805624
"ENSFCAP00000002340.4",1,1.27413674712564
"ENSELUP00000004695.1",1,1.06551541160554
"ENSMUSP00000035230.5",1,0.722639699453536
"ENSP00000449824.1",1,1.13634172242935
"T23B5.1a",1,0.832005092495782
"ENSMUSP00000007042.5",1,1.09415346260069
"ENSFCAP00000045269.1",1,1.00222804635282
"ENSP00000480150.1",1,0.640219222641828
"ENSMUSP00000042918.8",1,0.701264818314375
"K10C8.1",1,0.735302541172147
"ENSBTAP00000045820.2",1,1.19787198475068
"T09B4.9",1,0.964428455370424
"ENSGALP00000064212.2",1,0.456406688316824
"YGR245C_mRNA",1,1.06204742594107
"ENSP00000470127.1",1,0.361026791483952
"ENSP00000418631.1",1,0.781597698639049
"YLR068W_mRNA",1,0.771107422888579
"ENSP00000296543.4",1,1.3287700581288
"ENSDARP00000112151.2",1,1.06739673876591
"ENSP00000209873.4",1,0.615495739381778
"YBR079C_mRNA",1,0.748758625387022
"ENSMUSP00000138778.1",1,0.735740381182478
"F14F9.5",1,1.20195557345451
"ENSP00000360683.3",1,0.781712560410462
"FBpp0086524",1,0.770848458695069
"ENSECAP00000010341.2",1,1.14780482164296
"R08D7.4b.1",1,0.730880788183495
"ENSMUSP00000076957.3",1,0.840479454788313
"ENSECAP00000045060.1",1,1.03407393520342
"ENSMUSP00000106199.1",1,0.710401983387153
"ENSSSCP00000040375.1",1,0.267362767717924
"ZC404.8.1",1,1.07882937711276
"ENSECAP00000044487.1",1,0.931291911883265
"YPL043W_mRNA",1,1.00475000529983
"FBpp0073739",1,1.12906092028326
"ENSPMAP00000004862.1",1,1.29442756643884
"FBpp0086689",1,1.07196683464777
"ENSDARP00000014631.10",1,0.989589388369018
"YKL138C_mRNA",1,1.037853052404
"ENSMUSP00000105094.2",1,0.732014173249933
"ENSOANP00000008625.2",1,1.20032117787391
"ENSP00000484492.1",1,0.878308848638126
"YCR003W_mRNA",1,1.20995904937007
"FBpp0308230",1,1.15666409155787
"ENSDARP00000105821.2",1,1.06899429552542
"ENSTRUP00000047993.1",1,1.11521447386358
"ENSCINP00000036146.1",1,0.811723792556133
"ENSP00000489384.1",1,0.289770391330774
"ENSPTRP00000061927.1",1,1.05604792665839
"ENSCINP00000014738.3",1,0.227089633870869
"ENSGALP00000063546.2",1,1.14943874218454
"ENSDARP00000136286.1",1,1.08805169690961
"ENSELUP00000038636.1",1,1.09996354074378
"ENSORLP00000037496.1",1,1.05775242889568
"FBpp0086999",1,0.579176407394173
"ENSBTAP00000069220.1",1,0.469458779113509
"FBpp0307975",1,1.12506563310249
"ENSSSCP00000053366.1",1,1.08686274574551
"YER055C_mRNA",1,0.611309429599674
"ENSP00000450118.1",1,1.26573445576369
"ENSELUP00000014069.1",1,1.12402945188113
"ENSECAP00000023977.1",1,1.23618319493989
"ENSMUSP00000021940.7",1,0.823947001054239
"ENSEBUP00000015945.1",1,1.1215047529767
"ENSP00000369664.3",1,1.2408939512749
"ENSOCUP00000022831.2",1,1.03399244018499
"ENSEBUP00000021691.1",1,1.15766135906733
"FBpp0084150",1,1.16650360430687
"ENSP00000497402.1",1,1.00743161850967
"ENSTRUP00000053934.1",1,0.960758695339851
"FBpp0290236",1,0.540051130919139
"ENSP00000457694.1",1,1.04810424987285
"FBpp0080423",1,0.619441684020893
"ENSMUSP00000123472.1",1,1.24949407816323
"ENSMUSP00000130195.1",1,0.68735554595277
"ENSDARP00000144192.1",1,0.801345444887254
"R08E5.3",1,0.976932205653298
"ENSP00000352385.4",1,0.605174223705224
"ENSCINP00000005804.3",1,0.91670242982424
"ENSMUSP00000109394.1",1,0.85466322514949
"ENSELUP00000039487.1",1,1.1382708087986
"ENSP00000454735.1",1,1.38067559842552
"ENSP00000242784.3",1,0.848228424383366
"ENSP00000478949.1",1,1.2085183863428
"ENSOANP00000026728.2",1,0.326712332428597
"ENSMUSP00000134799.1",1,1.02418380521152
"FBpp0083939",1,1.0733168351355
"FBpp0084616",1,0.857793395696994
"ENSMUSP00000022470.8",1,1.24966373113705
"YKR079C_mRNA",1,0.864783073731229
"ENSMFAP00000030840.1",1,0.760301396920388
"ENSEBUP00000022224.1",1,1.04772326699947
"FBpp0072907",1,0.517319303997615
"ENSECAP00000024716.1",1,0.998757824015258
"ENSP00000489587.1",1,0.741510444930328
"ENSP00000423087.1",1,0.899464702075246
"FBpp0308248",1,0.898801937436174
"ENSP00000404012.1",1,1.33551803216016
"ENSP00000362244.2",1,1.23487129168385
"YDL220C_mRNA",1,1.26599865476964
"ENSP00000357679.4",1,1.0617885878917
"ENSEBUP00000017019.1",1,1.004914133779
"ENSP00000405573.3",1,0.649181923827916
"ENSSSCP00000013108.3",1,0.925018416829124
"ENSMUSP00000048016.7",1,1.02349528473165
"ENSDARP00000055037.3",1,1.13579075022283
"YGL037C_mRNA",1,0.735084138236475
"ENSMUSP00000021083.6",1,0.689745647953241
"C18E3.7a",1,1.27479295346579
"ENSP00000483185.1",1,0.986138320062392
"ENSCINP00000032396.1",1,1.12341008646182
"ENSRNOP00000068775.1",1,0.7346854999761
"ENSP00000297440.6",1,1.21872649265899
"ENSMUSP00000095134.3",1,1.28237062680934
"ENSMUSP00000078886.4",1,0.600685983374268
"ENSP00000293350.3",1,0.395104454030873
"ENSP00000450633.1",1,0.925419648436747
"C53A5.17",1,1.04011169571463
"YDR240C_mRNA",1,1.14849269919811
"ENSSSCP00000051848.1",1,0.235607700715683
"ENSTRUP00000048550.1",1,1.27609209805103
"FBpp0308852",1,0.918281069590207
"ENSEBUP00000013902.1",1,0.96865697221929
"ENSCINP00000034212.1",1,0.551632292297382
"ENSP00000495663.1",1,1.18782505372666
"ENSP00000471675.1",1,1.20022162366192
"FBpp0312373",1,1.0295453105663
"ENSCINP00000025837.2",1,1.26204957805622
"ENSMUSP00000080337.3",1,0.940834659970316
"ENSP00000265056.7",1,0.827195988506315
"F09G2.4",1,0.909294896168876
"ENSEBUP00000008205.1",1,1.17470416519545
"ENSSSCP00000032916.1",1,1.13978775654617
"ENSP00000436539.1",1,0.454766986332726
"ENSEBUP00000023866.1",1,1.21946273426425
"FBpp0083356",1,0.780135798584826
"T20F5.3.1",1,1.1581672183461
"ENSORLP00000015660.2",1,0.30001245079764
"ENSCINP00000023796.2",1,0.967039133508741
"ENSDARP00000126020.1",1,0.583697425093875
"FBpp0076552",1,0.935517904075404
"YJR002W_mRNA",1,1.00823443249965
"ENSMUSP00000067111.2",1,1.19737526298565
"YGL044C_mRNA",1,1.29971527172318
"YML105C_mRNA",1,1.20433856703057
"YFL014W_mRNA",1,0.365516018565949
"YOL041C_mRNA",1,1.12699007931871
"FBpp0074970",1,1.0711697496987
"ENSP00000324422.5",1,1.14590028931772
"YPR190C_mRNA",1,1.14605759328589
"ENSOANP00000032554.1",1,0.404189991557808
"ENSOANP00000012993.2",1,1.02687476813772
"K07H8.10.1",1,1.32979845682243
"ENSP00000395574.2",1,1.07145802165629
"YHR121W_mRNA",1,0.498517418131326
"ENSELUP00000019157.1",1,0.859436143813837
"ENSMUSP00000028800.5",1,0.016910713876613
"ZC302.2a",1,0.906364516483682
"ENSP00000435548.1",1,1.13856508354562
"ENSDARP00000119115.1",1,1.04948587428279
"ENSP00000343690.5",1,0.876145532297047
"FBpp0085566",1,0.936436578569963
"YNL007C_mRNA",1,1.25839931275978
"ENSMUSP00000030665.6",1,0.960001933279042
"ENSMUSP00000025239.7",1,1.04024427382985
"YLR009W_mRNA",1,0.918662227417137
"ENSSSCP00000053525.1",1,0.980719813260269
"ENSGALP00000070849.1",1,1.34040497487323
"FBpp0297066",1,0.812659002228754
"ENSEBUP00000026230.1",1,1.05516160094037
"ENSMUSP00000155231.1",1,1.21091716686745
"YKL196C_mRNA",1,1.17423381213599
"ENSP00000478841.1",1,1.34264349802117
"FBpp0072768",1,1.33047063675162
"ENSP00000459223.1",1,0.833318374655265
"ENSMUSP00000064280.7",1,1.37632129055702
"FBpp0070544",1,0.765825907302466
"ENSP00000471080.1",1,0.600510249516147
"ENSP00000386531.1",1,1.07728307864169
"YML043C_mRNA",1,0.827112557370396
"ZK686.3",1,1.32702740087852
"YDR115W_mRNA",1,0.0605926334923792
"YHR015W_mRNA",1,1.20450762962345
"ENSRNOP00000051553.5",1,0.919263533323599
"ENSEBUP00000008950.1",1,1.42671265718657
"K01G5.1",1,0.924819888180946
"YER086W_mRNA",1,0.991582549551029
"FBpp0078390",1,1.11152729061643
"YDR235W_mRNA",1,0.224773451124711
"YGR271C.A_mRNA",1,0.715605041705656
"T23G7.3",1,0.852038705241632
"ENSDARP00000129304.1",1,1.07741752830372
"ENSP00000405547.1",1,0.565716507624303
"FBpp0309955",1,0.96567100189822
"ENSFCAP00000033456.2",1,1.10284368159807
"ENSMUSP00000099399.3",1,1.2338139240121
"ENSELUP00000029743.1",1,1.02241079015435
"YKL003C_mRNA",1,0.788275103582701
"FBpp0075866",1,1.07805382016092
"FBpp0310240",1,1.19153202393787
"ENSGALP00000039544.3",1,1.24353601538879
"ENSELUP00000042862.1",1,1.35916935489087
"ENSP00000386978.3",1,0.986257573646848
"ENSELUP00000040021.1",1,0.874987200348798
"ENSMUSP00000109568.1",1,0.851540882781997
"YLR221C_mRNA",1,0.926157845804336
"YDR138W_mRNA",1,0.928603769437938
"ENSMUSP00000021424.4",1,0.875909284799496
"FBpp0111448",1,1.22425492395081
"ENSMUSP00000033325.7",1,0.583520857560761
"F13G3.11",1,0.930535793926406
"C02B10.4",1,1.27678162636568
"ENSDARP00000128563.1",1,1.41976226502727
"ENSELUP00000021312.1",1,1.4330866572331
"ENSMUSP00000123447.1",1,1.07261006591618
"FBpp0292502",1,0.813866470075536
"YGL135W_mRNA",1,0.743087375545803
"ENSP00000376167.2",1,1.16123128681298
"YNL224C_mRNA",1,0.950084069101465
"ENSORLP00000042839.1",1,1.23755488061602
"Y39B6A.14",1,1.0428594992424
"YLR309C_mRNA",1,1.3300156564179
"ENSMUSP00000052863.8",1,0.94840989147095
"YFR004W_mRNA",1,0.744976748301375
"ENSP00000438588.1",1,1.70847901805776
"F37C12.13a.1",1,1.43475130854097
"ENSORLP00000015756.2",1,0.878696564041979
"YPR015C_mRNA",1,0.840375833159461
"ENSECAP00000043180.1",1,1.06604754424166
"T07C4.5",1,1.32747969348622
"ENSMUSP00000138252.1",1,-0.114010040452023
"ENSDARP00000136246.1",1,0.855326822039871
"ENSECAP00000019499.2",1,1.09997761258997
"R12E2.12",1,0.790844131399421
"YLR250W_mRNA",1,0.60820999605249
"ENSMUSP00000130864.1",1,1.04049811127703
"ENSMFAP00000035168.1",1,0.646387160021574
"FBpp0304573",1,0.743897812470648
"ENSMUSP00000083587.4",1,0.945398741698606
"FBpp0081802",1,0.830390054010228
"Y56A3A.11",1,0.978156505804713
"ENSMUSP00000148443.1",1,0.284151494290885
"D2089.1a",1,1.21749045403107
"YPL146C_mRNA",1,1.04909278334128
"ENSMFAP00000041955.1",1,0.892684400297056
"YNR046W_mRNA",1,0.432638791930207
"T10E9.14",1,0.7720645330399
"ENSMUSP00000154972.1",1,0.958185254781228
"ENSMUSP00000020528.7",1,0.865242998671009
"FBpp0099745",1,1.15127428242798
"F37B4.7",1,0.581285349014443
"FBpp0077511",1,0.966765274695288
"D1007.7",1,1.04758643851736
"FBpp0072342",1,1.37712189220772
"ENSGALP00000060379.2",1,1.12674656791611
"F46F11.5.1",1,0.520420773569741
"ENSP00000362638.4",1,1.03294028377281
"ENSSSCP00000026561.2",1,1.01617713993054
"YER063W_mRNA",1,0.956860849410358
"ENSBTAP00000020818.4",1,1.19412474472618
"ENSELUP00000032717.1",1,1.24106940923274
"ENSMUSP00000034761.8",1,0.829155197826393
"ZK686.2",1,0.889438743602439
"ENSFCAP00000045043.1",1,1.27085894791454
"ENSEBUP00000024399.1",1,1.07162111613951
"ENSP00000353770.2",1,0.755466117135474
"ZK863.7a",1,1.27120436609768
"ENSXETP00000011696.2",1,0.598247115961395
"F33E2.2a",1,1.0869511909135
"Y113G7B.16",1,0.85934319277086
"ENSEBUP00000017728.1",1,1.26075991560114
"FBpp0072239",1,0.938012758559265
"YMR114C_mRNA",1,1.14438487520988
"ENSORLP00000029808.1",1,1.27454294477887
"ENSP00000438404.1",1,1.05014326805392
"ENSELUP00000014769.1",1,1.04268319189211
"FBpp0289808",1,1.01295125490267
"ENSMUSP00000078054.2",1,0.797582747878809
"ENSMUSP00000034411.8",1,0.611363226233059
"ENSP00000335153.7",1,0.750510415204982
"ENSOCUP00000015961.1",1,0.559754631107873
"YFL002C_mRNA",1,1.22921651441712
"FBpp0074556",1,1.01976336279024
"ENSP00000386608.1",1,0.764704445751217
"YDR411C_mRNA",1,0.868125414346308
"ENSMUSP00000006112.6",1,0.870896260151796
"YNL263C_mRNA",1,1.18200284550906
"Y55D9A.2b",1,1.0853420945082
"ENSCINP00000005147.3",1,1.18331986165552
"ENSMUSP00000110986.1",1,0.708725897418084
"ENSGALP00000047082.2",1,0.498546875797765
"ENSEBUP00000018766.1",1,1.01773716375277
"ENSXETP00000039091.3",1,0.80460003482906
"ENSP00000475519.1",1,0.545074678756954
"ENSFCAP00000006348.4",1,0.911808813483129
"ENSP00000465242.1",1,0.9715577054363
"ENSP00000407150.1",1,1.27399638317569
"ENSP00000456709.1",1,-0.561248017696481
"FBpp0085061",1,0.965040328961536
"ENSMUSP00000031534.6",1,0.938165285850698
"ENSEBUP00000010299.1",1,0.980829133168782
"ENSOCUP00000017569.1",1,0.319974408162337
"YMR239C_mRNA",1,0.611636511521888
"ENSORLP00000040753.1",1,0.123707780249483
"ENSEBUP00000006524.1",1,0.841607450909842
"ENSP00000434657.1",1,0.866447429854121
"ENSEBUP00000008801.1",1,0.373633271717381
"ENSXETP00000010688.3",1,0.470158361657043
"K09H9.6",1,1.04157080683075
"YCR088W_mRNA",1,1.11824871173092
"YOL142W_mRNA",1,0.752548954573659
"ENSP00000430432.1",1,0.462671421629508
"YCR077C_mRNA",1,1.05353994879171
"YLR050C_mRNA",1,0.820888041609629
"YJL125C_mRNA",1,0.800445081992034
"ENSRNOP00000045798.1",1,1.48214763615596
"Y57G11C.9b",1,0.893223762016283
"ENSP00000469123.1",1,1.32172177341662
"ENSCINP00000034255.1",1,0.990567459641335
"FBpp0088837",1,1.42419868596929
"FBpp0304332",1,0.882344640214508
"ZK792.5",1,0.903963358785524
"FBpp0087343",1,0.934260002087146
"ENSP00000383059.3",1,0.486780932805256
"ENSPTRP00000091500.1",1,-0.312029945382599
"ENSP00000466111.1",1,1.305276408544
"ENSMUSP00000143251.1",1,0.562699141201591
"ENSEBUP00000023583.1",1,1.6756458137886
"ENSEBUP00000027846.1",1,0.901658664994161
"FBpp0099391",1,1.16074393673024
"ENSEBUP00000000177.1",1,0.823363211292376
"FBpp0289236",1,0.92499075099146
"FBpp0074801",1,0.825034737965124
"ENSTRUP00000048129.1",1,0.942976655648653
"ENSMUSP00000139314.1",1,0.813450328377867
"ENSGALP00000003392.5",1,1.05403210872965
"ZK546.14a.1",1,0.860613184986554
"ENSMUSP00000015501.4",1,1.13107193642261
"YMR286W_mRNA",1,0.765363489051283
"ENSMUSP00000056154.6",1,0.92143303149012
"ENSP00000457796.1",1,1.16002470490507
"ENSP00000404190.2",1,1.05348604085196
"ENSCPOP00000027573.1",1,1.36465820410497
"ENSFCAP00000034644.2",1,1.25521964460801
"YLR281C_mRNA",1,1.04399584671477
"ENSECAP00000016464.2",1,1.12895097076307
"FBpp0111789",1,0.987409022325071
"C25A1.7b",1,-0.0126348924531586
"ENSTRUP00000056992.1",1,0.896528376691694
"F52G2.3",1,1.36997403999623
"FBpp0309678",1,0.995124206596005
"ENSTRUP00000055440.1",1,1.06241887111437
"ENSEBUP00000010184.1",1,0.614141246158643
"YDR035W_mRNA",1,0.825387803595904
"ENSMUSP00000113444.1",1,0.941633871550498
"ENSDARP00000129968.1",1,0.716084069827415
"M142.5",1,0.816597586003679
"ENSCINP00000031539.1",1,0.740829509846043
"YER034W_mRNA",1,0.638235869322477
"FBpp0086333",1,1.22999048632749
"T26A8.4",1,1.05556126956636
"YPR147C_mRNA",1,-0.494637288857765
"ENSMUSP00000022226.4",1,0.435353993811306
"ENSGALP00000023951.4",1,1.12971888834744
"ENSRNOP00000072088.1",1,0.999186393928336
"FBpp0083673",1,0.0750910932613064
"ENSDARP00000115004.2",1,1.04116180919544
"YJR105W_mRNA",1,-0.0603573544928824
"YGR054W_mRNA",1,0.934259292661898
"YMR225C_mRNA",1,1.09269395595456
"Y25C1A.8a",1,1.10080513179395
"ENSORLP00000025499.2",1,1.16908696431789
"ENSP00000359293.2",1,0.902387558279756
"ENSMUSP00000032143.6",1,0.834071404648532
"ENSMUSP00000022998.7",1,1.01661789656738
"F02A9.4a.1",1,0.844195314607389
"ENSXETP00000045977.3",1,1.12834629386748
"YPR113W_mRNA",1,0.695331437332166
"ENSGALP00000048614.2",1,0.51223930671914
"ENSTRUP00000055949.1",1,1.04340670945617
"ENSRNOP00000068456.1",1,0.908303394323041
"ENSEBUP00000018333.1",1,1.28178934718496
"ENSELUP00000028776.1",1,1.10877711644516
"Y40B1B.5",1,1.27177028244998
"YKL186C_mRNA",1,1.28536308029694
"ENSP00000444422.2",1,-0.758796903370774
"Y61A9LA.8",1,1.01037908495908
"ENSMUSP00000064823.7",1,1.07700530345992
"Y53G8AR.6",1,0.868302443273194
"ENSBTAP00000020671.4",1,0.852081968441811
"C33A12.1",1,0.822263433573067
"FBpp0079668",1,1.01634289628056
"ENSMUSP00000020382.6",1,0.684309583246659
"ENSMUSP00000145808.1",1,0.446787229058419
"ENSEBUP00000014696.1",1,0.360152090197356
"YBR236C_mRNA",1,1.22378074872226
"YNR051C_mRNA",1,0.97331747663486
"ENSELUP00000010047.1",1,0.792126850414585
"ENSECAP00000025341.1",1,1.13052179351832
"ENSFCAP00000020815.2",1,-0.254606371122054
"ENSMUSP00000138519.1",1,0.50541090490926
"ENSSSCP00000033526.1",1,0.970557901817844
"ENSCPOP00000028463.1",1,1.01101168358523
"ENSMUSP00000084819.3",1,1.16677232739894
"ENSP00000417101.1",1,1.52513869196208
"ENSP00000221265.2",1,0.918223169343067
"ENSEBUP00000007358.1",1,-0.0910479175141744
"FBpp0307760",1,0.926421099386634
"ENSMUSP00000153030.1",1,0.906713205846265
"ENSELUP00000031681.1",1,0.930733768058808
"ZK1248.15",1,1.00649939172204
"ZK353.6",1,1.0853439265383
"ENSMUSP00000146406.1",1,0.921013583834122
"ENSEBUP00000020173.1",1,1.15161635202163
"ENSECAP00000004398.2",1,1.07798096236316
"ENSCINP00000012774.3",1,1.03077878712074
"ENSELUP00000038409.1",1,0.365314962792977
"ENSECAP00000046182.1",1,1.22474410648496
"ENSCINP00000023007.2",1,0.295193297950202
"FBpp0306291",1,0.68471927982574
"ENSMUSP00000022057.8",1,0.729606544347626
"ENSRNOP00000013961.4",1,0.457806845749017
"ENSP00000457310.1",1,0.954853184545752
"FBpp0080278",1,1.03679889693663
"ENSMUSP00000130430.1",1,0.893056701878162
"ENSORLP00000025990.1",1,1.08584570494749
"ENSEBUP00000009473.1",1,0.671641470625635
"ENSORLP00000005003.3",1,1.04960885020017
"ENSTRUP00000057352.1",1,0.965379265409061
"ENSGALP00000068798.1",1,0.974198232492498
"ENSMUSP00000028205.8",1,1.19774151583483
"ENSMMUP00000018261.2",1,1.21944174326727
"ENSP00000377195.1",1,0.916433886715475
"ENSOCUP00000001786.3",1,0.776853982623104
"ENSMUSP00000153878.1",1,1.71581703592447
"ENSEBUP00000026997.1",1,0.7810924519307
"ENSP00000308000.7",1,1.14112669519774
"ENSP00000380336.3",1,1.26960411242606
"ENSCINP00000033847.1",1,1.025727842688
"ENSGALP00000016737.4",1,0.991499489820313
"YHR147C_mRNA",1,0.794662623054087
"ENSP00000384872.2",1,0.98535511798496
"ENSPTRP00000092570.1",1,0.678963598686555
"ENSEBUP00000002305.1",1,0.930096022940741
"ENSEBUP00000022665.1",1,1.11316910710379
"ENSP00000416097.2",1,1.14775811877401
"ENSP00000358640.3",1,1.15770709126879
"YOR173W_mRNA",1,0.714285072698904
"ENSOCUP00000003932.2",1,0.890800765308177
"FBpp0078822",1,0.776861401999257
"YDL088C_mRNA",1,1.18692396583794
"ENSOCUP00000007776.3",1,0.686362099489333
"ENSSSCP00000019025.2",1,0.139631943364784
"ENSELUP00000041010.1",1,0.749417118297693
"ENSMUSP00000151518.1",1,1.09164912765375
"ENSP00000494917.1",1,1.39043392318633
"YOR076C_mRNA",1,0.897282283335739
"D1037.1",1,1.21120448220186
"ENSCINP00000026866.2",1,1.23419380376952
"ENSECAP00000005063.2",1,1.20928532485281
"ENSSSCP00000053956.1",1,0.843229100650632
"ENSBTAP00000057411.1",1,0.92645546806497
"ENSOCUP00000015026.3",1,0.21347264390708
"YIR026C_mRNA",1,1.09869351328678
"ENSMFAP00000019500.1",1,1.02962120788078
"FBpp0293521",1,1.09692819750162
"ENSP00000350011.5",1,0.648794035947826
"FBpp0085121",1,0.913782706546738
"ENSORLP00000040907.1",1,1.1765298920751
"ZK1320.6",1,0.999438760300924
"ENSMMUP00000049636.1",1,1.14248291579493
"FBpp0075441",1,0.783944985495597
"ENSORLP00000034073.1",1,1.14838341061825
"FBpp0307746",1,0.934828455115952
"ENSCINP00000028346.2",1,1.20948336267083
"YLR003C_mRNA",1,0.742574463732222
"ENSELUP00000025329.1",1,1.04021522463825
"ENSMUSP00000025178.9",1,0.661891214683771
"ENSP00000251166.4",1,0.776132034710928
"ENSGALP00000065733.1",1,1.06490078198942
"ENSP00000466188.1",1,0.752510555919008
"YDL207W_mRNA",1,1.08710994692844
"ENSP00000443061.1",1,1.0110569023681
"ENSMFAP00000017012.1",1,0.447316906309325
"ENSP00000444082.1",1,1.38623049250906
"ENSMUSP00000025639.6",1,1.07276368197817
"ENSBTAP00000062292.1",1,0.800902441826795
"ENSMUSP00000114088.2",1,0.99273307521478
"F02E9.2a",1,1.04227936395435
"ENSECAP00000000545.1",1,1.05115023290101
"K02F3.11",1,1.34796435828748
"ENSBTAP00000071276.1",1,1.13716521076386
"ENSEBUP00000009413.1",1,1.12758765602629
"ENSBTAP00000037068.3",1,0.639749660372496
"ENSMUSP00000017153.3",1,0.508838573031523
"FBpp0080510",1,0.739310230401754
"ENSMUSP00000102853.1",1,0.904518467142298
"C05D11.10",1,0.928447797412636
"YGR188C_mRNA",1,1.10713365933207
"YDR087C_mRNA",1,0.860184409019156
"ENSOARP00000018697.1",1,1.04707509420825
"YLR300W_mRNA",1,0.654867361471267
"ENSTRUP00000052950.1",1,0.361135065363343
"ENSMUSP00000098741.4",1,1.10974843953611
"ENSORLP00000033393.1",1,1.14311320170085
"YGL216W_mRNA",1,0.897168111246106
"ENSELUP00000004753.1",1,1.06958126389653
"ENSEBUP00000002844.1",1,0.886199682194026
"ENSTRUP00000006756.2",1,1.10668324457677
"ENSMMUP00000012629.2",1,0.90859890249064
"YDR237W_mRNA",1,1.30891802683072
"YHR025W_mRNA",1,0.907965878906664
"ENSEBUP00000012208.1",1,0.511477933976557
"ENSRNOP00000015471.4",1,0.968273500172061
"ENSSSCP00000041676.1",1,1.09076682489273
"ENSEBUP00000001630.1",1,0.885348602168142
"B0205.11",1,0.695027901443583
"ENSPMAP00000003041.1",1,1.30995400033559
"ENSP00000362773.2",1,0.849896971101807
"FBpp0311847",1,2.03327133813043
"YML005W_mRNA",1,0.911581989354889
"FBpp0087322",1,1.24441861188895
"T10B11.3",1,0.981313984621508
"ENSEBUP00000021653.1",1,0.908801422269679
"FBpp0304242",1,1.13910899224617
"ZC395.10.1",1,1.33986113033537
"ENSDARP00000113381.1",1,1.02546768893689
"FBpp0081834",1,0.678545639487564
"ENSBTAP00000073709.1",1,1.31547117528495
"YJR022W_mRNA",1,0.575713740829719
"YNR029C_mRNA",1,0.999937890541635
"ENSP00000352210.4",1,0.661806420149761
"FBpp0074756",1,1.54870979213544
"ENSP00000361408.3",1,1.04517044987101
"FBpp0310167",1,1.23956598738253
"ENSCINP00000035759.1",1,0.308002069866433
"YDL224C_mRNA",1,0.922389994959882
"ENSP00000438255.1",1,0.769683601572221
"ENSP00000493530.1",1,0.949323624738489
"W10D5.2.1",1,1.00684981363599
"YKL122C_mRNA",1,1.05529250233738
"ENSMUSP00000135039.2",1,1.33077455586426
"ENSCINP00000034095.1",1,1.1289541995509
"F58F12.1",1,0.975231830286841
"ENSP00000274849.1",1,1.08002822517772
"FBpp0292970",1,1.68413617489359
"ENSP00000357928.1",1,1.09070269934062
"ENSTRUP00000056517.1",1,1.04187048506476
"ENSEBUP00000000611.1",1,1.04248771721922
"YBR039W_mRNA",1,1.03149511762787
"ENSDARP00000137804.1",1,0.950421506472769
"ENSP00000419417.1",1,1.01636790942778
"Y55F3AM.12",1,0.736232072011529
"ENSECAP00000015325.2",1,0.799242405905278
"ENSEBUP00000004268.1",1,0.909135720190708
"ENSORLP00000008060.1",1,0.476232354227314
"ENSEBUP00000024283.1",1,1.2402032884929
"ENSEBUP00000014184.1",1,0.901138328709754
"ENSCPOP00000030429.1",1,1.10658499216188
"FBpp0076458",1,0.872623423715274
"ENSONIP00000018515.1",1,1.14171293764953
"ENSOANP00000013611.2",1,1.03226692157503
"YHL013C_mRNA",1,0.890767656319366
"ENSDARP00000145801.1",1,1.21374308710691
"W03C9.7a.1",1,0.803696062142282
"YFR010W_mRNA",1,0.765874397459346
"ENSMUSP00000123195.1",1,0.515702741338123
"YJL124C_mRNA",1,0.680862531102442
"ENSP00000430046.1",1,0.823386709142183
"YNL299W_mRNA",1,0.992150127128704
"ENSP00000254654.3",1,0.638681623163972
"ENSEBUP00000000731.1",1,0.774760761635341
"ENSEBUP00000016802.1",1,0.500347606631154
"ENSP00000468878.1",1,1.28837572181875
"ENSP00000446665.1",1,1.16763691832241
"ENSORLP00000028920.1",1,0.556401990088684
"ENSMUSP00000022163.8",1,1.27380426971097
"FBpp0312012",1,1.00062689783614
"ENSECAP00000035996.1",1,1.05026329392736
"ENSP00000458604.1",1,0.917678076275139
"YIL033C_mRNA",1,0.887613557588022
"ENSP00000484216.1",1,1.00145829738523
"YCL037C_mRNA",1,0.836860581823026
"ENSMUSP00000034085.7",1,0.693945296515862
"YNL118C_mRNA",1,0.663557988124771
"ENSFCAP00000032788.2",1,0.911819282261946
"ENSMUSP00000138292.1",1,1.2025815924729
"ENSMUSP00000031097.7",1,1.10778525737173
"ENSORLP00000025493.2",1,0.788396511938781
"ENSORLP00000045247.1",1,1.03723915536907
"ENSMUSP00000055485.6",1,0.811112140147418
"ENSP00000357748.5",1,0.853226919584518
"ENSEBUP00000019778.1",1,1.17030142745989
"ENSP00000402760.2",1,0.657485559308996
"ENSP00000478061.1",1,0.934817974609681
"FBpp0070794",1,1.10818100419231
"FBpp0078568",1,1.04676794585007
"ENSMUSP00000026841.8",1,0.597537422297764
"Y37D8A.9b",1,0.948712026974838
"ENSMUSP00000152897.1",1,0.926585133085297
"FBpp0086223",1,0.974804543570115
"ENSMUSP00000025567.7",1,0.557764728652089
"ENSMUSP00000111476.1",1,0.503529950760007
"ENSP00000260643.2",1,-0.0348016560763769
"ENSP00000378400.3",1,1.17743088750458
"FBpp0080264",1,1.10267066715967
"YJL123C_mRNA",1,1.03149552977206
"Y43F8C.8",1,0.907335254365802
"ENSOCUP00000025299.2",1,1.06024847754655
"ENSP00000368565.3",1,1.0401395011762
"ENSOARP00000016193.1",1,-0.406365474850821
"FBpp0074992",1,0.807034723374898
"ENSBTAP00000070412.1",1,0.361036139896644
"ENSEBUP00000023259.1",1,1.10076079063679
"ENSELUP00000026507.1",1,1.18763551918771
"YDR175C_mRNA",1,0.903577976531355
"B0393.4",1,1.08625023341095
"ENSRNOP00000076189.1",1,0.0829341057647127
"ENSCPOP00000017404.2",1,0.981314529645287
"YJR051W_mRNA",1,1.44752456011413
"ENSBTAP00000068990.1",1,1.10602450352578
"ENSP00000410992.2",1,0.386966737342362
"ENSXETP00000062931.1",1,1.25725210959687
"ENSFCAP00000028992.1",1,1.08214048307772
"YPL116W_mRNA",1,0.853272105515261
"FBpp0072848",1,1.11866892081252
"ENSP00000427123.1",1,1.06528192986289
"YBL090W_mRNA",1,1.34942798538722
"FBpp0083716",1,1.23750940724806
"ENSP00000358633.2",1,0.545357603671762
"ENSECAP00000020620.2",1,1.1160680333914
"YER178W_mRNA",1,1.0506139679302
"YDR194C_mRNA",1,0.857491739586787
"ENSP00000278618.4",1,0.808932094022376
"YMR024W_mRNA",1,1.1236395432526
"ENSGALP00000069326.1",1,1.32951223041636
"ENSMFAP00000012738.1",1,1.23169350788963
"ENSP00000388567.1",1,1.12343163680139
"YDR177W_mRNA",1,0.319371963615719
"ENSONIP00000002631.1",1,0.912261259195868
"YLL032C_mRNA",1,0.787000452088973
"ENSP00000460070.1",1,0.645158246927598
"ENSBTAP00000059621.1",1,1.00518979843644
"YMR213W_mRNA",1,1.00293882280862
"ENSP00000320917.8",1,0.667935128459379
"ENSEBUP00000009653.1",1,0.72308234314986
"ENSMUSP00000096670.3",1,1.20403654436211
"ENSFCAP00000037947.2",1,0.649997126867401
"ENSGALP00000061169.1",1,1.06199318064395
"ENSMUSP00000025385.6",1,1.03680216277829
"ENSCINP00000026281.2",1,-0.521960606192499
"ENSCINP00000022114.2",1,0.960534131667004
"W10G6.3",1,1.13691594281881
"Y53C12B.3b",1,0.843523377523119
"YOR113W_mRNA",1,1.03328710324672
"DY3.4a.1",1,0.74354314014898
"ENSGALP00000048745.2",1,1.18903455494211
"YLR435W_mRNA",1,0.734971234451
"ENSMUSP00000068403.4",1,0.377742602667325
"ENSMUSP00000145983.1",1,0.582906076228808
"ZK1010.3",1,0.652780543955695
"C25A1.4.1",1,0.918623827328689
"ENSEBUP00000015120.1",1,0.830361991738896
"ENSECAP00000008855.2",1,0.701031802898457
"ENSMUSP00000112259.2",1,0.787316632820073
"FBpp0086385",1,0.722011239948578
"ENSOCUP00000023794.2",1,1.13134589253098
"YGL208W_mRNA",1,0.856520252321388
"YOL095C_mRNA",1,1.03615945683383
"FBpp0309303",1,0.99183530950462
"ENSP00000354730.1",1,1.29464350944537
"ENSP00000360464.3",1,1.2506818315739
"ENSP00000417104.1",1,0.316282038539599
"YDR121W_mRNA",1,0.959676886629329
"YOR166C_mRNA",1,0.604343048046243
"ENSGALP00000001460.5",1,1.04908373219973
"ENSP00000475342.1",1,0.918755618825338
"H05C05.4",1,0.69351009916671
"YGL110C_mRNA",1,1.06427606596305
"ENSP00000216330.3",1,0.567938455359621
"F22B3.2",1,0.815610675921406
"ENSELUP00000017648.1",1,1.09538840918418
"ENSSSCP00000046048.1",1,-0.544816046292974
"ENSXETP00000037013.2",1,0.215281013225764
"ENSELUP00000041209.1",1,-1.37902087804384
"YJL203W_mRNA",1,1.00799459965859
"ENSFCAP00000046581.1",1,1.14865944952171
"ENSXETP00000004125.2",1,0.967959611990458
"YJL148W_mRNA",1,0.768110974168784
"ENSEBUP00000003135.1",1,0.401186620295938
"F53G2.6",1,0.842997974139656
"FBpp0090943",1,1.03435639340507
"ENSP00000473968.1",1,0.996598438106645
"ENSP00000333920.2",1,1.05920192051889
"F19F10.9",1,0.860990316073086
"Y94H6A.5b",1,0.990752014105307
"ENSMUSP00000133497.1",1,0.306198085490102
"YER050C_mRNA",1,0.992903498266782
"ENSECAP00000018793.2",1,1.1601254620295
"ENSPMAP00000001709.1",1,0.301521688379765
"YER112W_mRNA",1,1.47494295033919
"ENSEBUP00000009032.1",1,0.86876029053364
"YDR333C_mRNA",1,0.988553241895143
"ENSMMUP00000012916.3",1,0.443799506725402
"ENSGALP00000051671.2",1,0.920050105386907
"ENSGALP00000072793.1",1,0.989312800774066
"ENSP00000388147.1",1,0.892867541180503
"YER127W_mRNA",1,0.998128702556793
"ENSELUP00000003045.1",1,0.779634608383922
"ENSGALP00000070249.1",1,1.06479614423806
"ENSMUSP00000115940.1",1,0.6101003344744
"ENSXETP00000063027.1",1,0.605616686075178
"ENSXETP00000028564.3",1,0.81745635171604
"ENSFCAP00000049183.1",1,1.00398074905264
"ENSTRUP00000012405.2",1,1.14811152081391
"F56D12.5b",1,0.888366625243181
"ENSFCAP00000028855.1",1,1.02291022329766
"YER002W_mRNA",1,0.989479360943808
"ENSMFAP00000027897.1",1,1.0528882273765
"YML070W_mRNA",1,0.692997492388606
"ENSP00000309714.5",1,0.934710775368423
"FBpp0075068",1,0.71513127830372
"YCL036W_mRNA",1,1.06508463867469
"ENSRNOP00000064456.1",1,1.01670801946869
"ENSP00000361777.4",1,0.695409590429914
"ENSP00000435186.1",1,1.34462075237926
"ENSRNOP00000042427.1",1,0.796311162375431
"ENSP00000430164.1",1,0.825065335897095
"ENSMUSP00000138533.1",1,1.36425042363686
"ENSORLP00000016619.2",1,1.11316422271086
"FBpp0076478",1,0.961574307579736
"FBpp0082593",1,1.09978625754311
"ENSEBUP00000014295.1",1,1.13567565251629
"F54F2.5a",1,1.15838801000214
"E02D9.1a",1,1.02567456711656
"ENSPTRP00000074964.1",1,0.577471840933044
"FBpp0085891",1,0.673100323063519
"YGR279C_mRNA",1,1.53755932851374
"ENSMGAP00000002310.2",1,0.757803282929638
"FBpp0081662",1,1.02251470481199
"ENSMUSP00000103038.1",1,1.50309359928256
"YNL168C_mRNA",1,0.652984244737128
"ENSSSCP00000025799.2",1,0.96538380824522
"ENSOCUP00000013482.2",1,0.986949281168168
"ENSMUSP00000132822.1",1,0.508227288986176
"FBpp0077444",1,0.85750122088206
"ENSEBUP00000002649.1",1,1.03547940727626
"YLR355C_mRNA",1,0.752752153998281
"ENSP00000478298.1",1,0.715415799642151
"ENSMUSP00000007216.8",1,0.633797939731145
"ENSMUSP00000154177.1",1,0.58456536353461
"YER168C_mRNA",1,0.574340967487029
"YOR258W_mRNA",1,0.64942409345969
"ENSBTAP00000073831.1",1,0.380372036645772
"ENSMUSP00000027863.7",1,0.878563620129023
"ENSMUSP00000046340.4",1,0.970420304440255
"FBpp0306565",1,0.971071480573364
"ENSTRUP00000037245.2",1,0.338008402587421
"YML025C_mRNA",1,1.06103043714764
"ENSTRUP00000052670.1",1,0.391205550681242
"ENSELUP00000034249.1",1,1.00865496261514
"ENSP00000447699.1",1,1.08370302483018
"YDR351W_mRNA",1,0.842618142752627
"ENSXETP00000015721.3",1,0.974916888976573
"ENSMUSP00000059533.6",1,0.806167959029266
"FBpp0070761",1,1.23060934532143
"ENSP00000448919.1",1,0.940036519632366
"B0432.3",1,0.753452292375614
"FBpp0111393",1,1.26617964520809
"ENSMUSP00000047333.8",1,1.19304478188124
"Y37E3.10a",1,0.981868439275902
"ENSELUP00000037715.1",1,1.06338707075038
"ENSMUSP00000130608.1",1,1.01156520873636
"YLR426W_mRNA",1,1.00911009971573
"ENSCINP00000000259.3",1,1.04853685580228
"ENSBTAP00000011015.6",1,1.02104398362121
"ENSECAP00000040954.1",1,0.86353239548878
"ENSXETP00000023055.2",1,0.272616819261296
"ENSCINP00000013256.3",1,0.776505851318025
"F28C1.1",1,0.994885141252465
"C06G4.1",1,0.910551455430058
"ENSORLP00000006399.2",1,0.986122784844109
"YJR139C_mRNA",1,0.398511293986574
"ENSFCAP00000022409.3",1,1.0615405224588
"ENSP00000388515.1",1,0.962199581820512
"YDL209C_mRNA",1,0.976985552017026
"ENSGALP00000067733.1",1,1.01432910763591
"R53.4",1,0.98436775258122
"ENSTRUP00000048361.1",1,0.776911904904552
"ENSECAP00000032515.1",1,0.980123388419312
"ENSECAP00000011787.2",1,1.02176204205738
"ENSCINP00000026215.2",1,1.06627961423604
"ENSEBUP00000003611.1",1,0.947076032387832
"ENSP00000451080.1",1,0.228944600679482
"ENSEBUP00000012980.1",1,0.877306111404495
"ENSP00000311766.7",1,1.16087187993428
"YML106W_mRNA",1,1.14168805852357
"YDL074C_mRNA",1,0.8362551777319
"ENSMMUP00000033134.2",1,1.65579753174621
"ENSP00000407410.3",1,1.21900634936899
"ENSP00000272444.3",1,1.16774354425383
"ENSP00000410833.2",1,0.851017740601263
"YPL212C_mRNA",1,1.22047692732045
"ENSSSCP00000044329.1",1,0.899199599856855
"ENSEBUP00000022375.1",1,0.671648065682503
"ENSCINP00000024617.2",1,0.750859466618218
"YPR144C_mRNA",1,0.549370046154019
"ENSOCUP00000007108.3",1,0.949704257773251
"K08F4.2",1,1.12690809879847
"ENSSSCP00000039525.1",1,0.888493257553713
"ENSEBUP00000024100.1",1,1.04085560882837
"FBpp0086142",1,0.47805288200991
"YJR016C_mRNA",1,0.741669257775514
"ENSEBUP00000026955.1",1,1.04504755425073
"C26F1.7b",1,0.954809534323669
"ENSCINP00000026142.2",1,0.741613240979857
"YER142C_mRNA",1,0.983361586583524
"ENSCINP00000020205.3",1,0.524813962758225
"ENSMFAP00000018754.1",1,0.848429914643434
"ENSMMUP00000010902.2",1,1.09651546788555
"C41D11.7",1,1.16910378577888
"C37C3.2b",1,1.08931039488969
"FBpp0085282",1,0.692908917623841
"YLR100W_mRNA",1,0.419118274188486
"C06E1.9",1,1.08349639214265
"ENSXETP00000062194.1",1,0.930400277186382
"YNL180C_mRNA",1,1.12687404009261
"ENSMUSP00000124119.1",1,1.28021656536992
"ENSDARP00000153408.1",1,1.06775150289705
"ENSCHIP00000009726.1",1,1.2141177016632
"ENSP00000490674.1",1,1.15594957131988
"FBpp0073672",1,0.144149177217163
"ENSMMUP00000053978.1",1,1.36202874357728
"ENSEBUP00000004097.1",1,0.842437094043297
"ENSORLP00000004418.2",1,0.919570264608495
"ENSORLP00000017383.2",1,0.751904880652123
"ENSDARP00000078381.4",1,0.797474189424886
"ENSRNOP00000061254.1",1,-0.0312558502979055
"ENSRNOP00000055946.3",1,1.00772021808279
"YOR308C_mRNA",1,1.04667997234012
"ENSMUSP00000020579.7",1,1.34115954180004
"ENSDARP00000073556.4",1,0.982480380049475
"C23H3.3b",1,0.701332151774194
"ENSCINP00000008926.3",1,1.05389807349995
"ENSDARP00000126062.1",1,1.01462435189479
"YPL228W_mRNA",1,0.997499743842446
"ENSMUSP00000052905.3",1,0.207992151276045
"F32D1.9b.1",1,1.03470080455538
"ENSDARP00000075762.3",1,0.910615576713431
"ENSP00000264167.4",1,0.731770144712007
"YPL169C_mRNA",1,1.03897187294776
"FBpp0070871",1,0.865361793521721
"ENSCINP00000007991.3",1,1.08801015682322
"ENSEBUP00000026599.1",1,0.238736054542238
"ENSMUSP00000034740.7",1,0.89053452688591
"ENSP00000351049.2",1,1.06236901924642
"ENSELUP00000025333.1",1,0.961032566817167
"ENSCHIP00000028361.1",1,0.657698777530385
"ENSDARP00000126734.1",1,0.823984318132066
"ENSEBUP00000019304.1",1,1.28597842508332
"ENSGALP00000006050.6",1,1.01141794151796
"ENSELUP00000033930.1",1,0.960743911649667
"ENSP00000345656.4",1,0.351556798353921
"ENSEBUP00000013732.1",1,0.916648492879419
"ENSCINP00000010046.3",1,0.979551565090343
"ENSP00000357876.4",1,1.05812360339591
"ENSMUSP00000140949.1",1,1.40265303774876
"FBpp0076430",1,1.4379725015138
"ENSP00000370376.2",1,0.988506382417088
"F58B3.4.1",1,1.13712636701523
"ENSMFAP00000012984.1",1,0.800217236791668
"ENSORLP00000031664.1",1,1.09240258134461
"ENSP00000414865.1",1,1.07928672351407
"YMR004W_mRNA",1,0.73211190134346
"FBpp0307181",1,1.08727375571525
"ENSEBUP00000000521.1",1,1.29348646257332
"ENSOANP00000032651.1",1,1.08347701942936
"ENSEBUP00000027030.1",1,0.972592660843362
"ENSORLP00000019212.2",1,0.827410546078815
"ENSXETP00000014618.1",1,1.13318339374006
"ENSGALP00000068536.1",1,0.906886029500489
"ENSP00000340029.6",1,1.11763619724414
"ENSP00000265107.4",1,1.25649711333495
"ENSOCUP00000007977.2",1,0.986499365148557
"ENSONIP00000026524.1",1,0.671256515979588
"ENSMUSP00000099363.1",1,0.984433504703788
"Y57A10A.25",1,0.687464826294403
"ENSMUSP00000038166.6",1,0.470444521353003
"R07B1.4",1,0.67014474653414
"FBpp0086370",1,0.794933233897588
"ENSMUSP00000140610.1",1,1.14886857927717
"F25D7.3a",1,1.00408961317659
"ENSMUSP00000115245.1",1,0.0884008294064115
"C43E11.1",1,1.07523092481616
"Y48G1C.9.1",1,1.03044518445409
"YPR057W_mRNA",1,0.877632021446258
"ENSECAP00000032726.1",1,1.18857921372917
"FBpp0074789",1,1.24429682275482
"FBpp0086603",1,1.19639278048844
"ENSMFAP00000006425.1",1,0.615967356131838
"ENSELUP00000034526.1",1,0.885698378531438
"ENSGALP00000056851.2",1,0.819845982889495
"ENSORLP00000021404.2",1,1.08871306692769
"ENSTRUP00000031618.2",1,0.931681948853727
"ENSCHIP00000016569.1",1,1.25035318273544
"ENSECAP00000016534.2",1,1.02911553482666
"FBpp0305272",1,1.23463699500248
"ENSDARP00000034794.4",1,0.662519465589576
"ZK632.14",1,0.609088667286517
"ENSBTAP00000054873.2",1,1.15285332302388
"YDR041W_mRNA",1,0.720345450535597
"ENSEBUP00000014346.1",1,1.12412307495648
"YMR124W_mRNA",1,1.0387855929813
"FBpp0310356",1,1.16562910553277
"ENSP00000217109.4",1,0.483578359755843
"F52G2.1b",1,1.04201587013949
"FBpp0086549",1,1.16104377017048
"FBpp0112131",1,1.292427673913
"ENSP00000463823.1",1,0.871521730672103
"E02D9.1c",1,1.17009165090953
"ENSP00000346550.5",1,0.990759491736736
"YML046W_mRNA",1,0.295672144093419
"ENSRNOP00000024239.5",1,0.908329585996693
"FBpp0084971",1,0.825335493184358
"R05D11.8",1,1.07519979511432
"ENSP00000299601.5",1,0.963770553224429
"ENSMUSP00000102160.4",1,1.07065319332382
"YBR127C_mRNA",1,0.810194036376924
"F32A7.4",1,1.40434981707766
"T28F2.4a",1,1.13777728383748
"ENSGALP00000009922.6",1,1.20498667335767
"ENSDARP00000157373.1",1,1.06531305950193
"ENSP00000404414.1",1,1.03090869717135
"FBpp0078639",1,0.571075892074695
"ENSTRUP00000049602.1",1,0.1500047035205
"F42C5.6",1,1.16486560421412
"ENSEBUP00000022719.1",1,1.14311879938707
"F56D12.5a.1",1,1.16602667938857
"FBpp0072767",1,0.983326032936782
"ENSONIP00000014304.1",1,1.07511251267652
"K09A9.5",1,0.792557407160518
"YBL074C_mRNA",1,0.925323054520844
"YGL014W_mRNA",1,0.948154047788121
"ENSBTAP00000000356.6",1,1.44513846111019
"ENSELUP00000021946.1",1,0.643681267506792
"ENSP00000428436.1",1,1.48563153677479
"ENSMUSP00000010085.3",1,0.710136743518126
"ENSBTAP00000036040.2",1,1.00794916861694
"ENSMGAP00000002703.2",1,1.28320396398099
"ENSMUSP00000055743.7",1,0.0239728867137422
"Y57A10A.13",1,1.04429607249062
"ENSORLP00000007876.2",1,1.03102150950296
"ENSEBUP00000008815.1",1,1.16334210384878
"FBpp0086617",1,0.962450990285991
"ENSP00000351990.4",1,0.537578902057157
"ENSDARP00000137401.2",1,0.801626756521253
"YNL210W_mRNA",1,0.719775020230371
"ENSMUSP00000121090.1",1,1.04505681605958
"FBpp0075617",1,1.07992201768933
"ENSOANP00000007275.3",1,1.08680755595555
"YHL010C_mRNA",1,0.93315248981743
"ENSSSCP00000018801.2",1,0.950565405145351
"ENSXETP00000061883.1",1,0.746917108137657
"T22E5.5.1",1,1.12400392073884
"YNR052C_mRNA",1,0.901761904951412
"ENSP00000428554.1",1,0.832952800550605
"T04A8.11",1,1.03724754718102
"ENSP00000489718.1",1,0.874648425405579
"ENSP00000368887.3",1,0.687199785671902
"ENSP00000429771.1",1,1.05055864995416
"ENSCINP00000008664.3",1,0.894243446173112
"ENSELUP00000040999.1",1,1.28124418321292
"ENSORLP00000021016.2",1,0.739392102513091
"ENSDARP00000031774.8",1,0.886793428614299
"ENSCPOP00000022770.1",1,1.07500291654015
"F43D9.6",1,0.499850777705022
"YGL200C_mRNA",1,0.584648258977223
"ENSMUSP00000005504.8",1,1.29868764060277
"ENSP00000252934.4",1,0.818176216232378
"YMR147W_mRNA",1,0.959897634230624
"ENSMUSP00000023666.4",1,1.20330694272695
"ENSCINP00000020185.3",1,1.07483367784647
"ENSMUSP00000130478.1",1,0.402956090296846
"ENSMUSP00000150296.1",1,0.814823878125035
"YGL064C_mRNA",1,0.850184115991242
"ENSMUSP00000040180.8",1,0.812447949729346
"ENSMFAP00000020379.1",1,1.16895969956546
"YGL011C_mRNA",1,0.5141509350725
"YNL286W_mRNA",1,0.757827072461225
"ENSMUSP00000075018.6",1,0.723059882516223
"ENSTRUP00000051445.1",1,1.16313331366266
"ENSP00000407385.1",1,1.37504268901989
"ENSCINP00000001301.3",1,1.14468227617437
"FBpp0310061",1,0.959728307894598
"ENSORLP00000039635.1",1,0.876564976970541
"ENSDARP00000088311.4",1,1.18724030225792
"YDR347W_mRNA",1,1.04876921682126
"ENSP00000432895.1",1,0.823686022132198
"YHR042W_mRNA",1,1.76993370022688
"ENSSSCP00000027661.2",1,1.12253158439221
"B0513.2a.1",1,0.882744792352661
"ENSEBUP00000005142.1",1,0.857506960777681
"ENSEBUP00000001925.1",1,0.736868849363996
"ENSOCUP00000004129.3",1,1.05666309690915
"ENSXETP00000031474.2",1,0.271856975171079
"ENSEBUP00000026125.1",1,0.717617288446824
"YLR134W_mRNA",1,1.01315697984482
"ENSP00000411418.1",1,0.890312648330676
"ENSDARP00000118896.1",1,0.676078747664052
"ENSEBUP00000025645.1",1,0.766133927474116
"ENSORLP00000039861.1",1,1.16267590474908
"ENSOANP00000033193.1",1,0.393547475620919
"ENSP00000200135.3",1,0.745982159259777
"ENSELUP00000019408.1",1,1.02945713839188
"ENSELUP00000040431.1",1,0.946785528516142
"ENSMUSP00000139480.1",1,0.209790958499867
"ENSGALP00000067868.1",1,1.12316533688003
"ENSRNOP00000007870.4",1,0.383126809396776
"YCL051W_mRNA",1,0.709298780125828
"YLR017W_mRNA",1,0.858378946213733
"FBpp0082320",1,0.896402410992152
"ENSMUSP00000113465.1",1,1.13292895345362
"ENSECAP00000020563.2",1,1.08957952759209
"FBpp0084169",1,0.984562798255919
"C18D11.4a.1",1,1.14358040960904
"ENSMUSP00000005647.3",1,0.760679865157731
"ENSXETP00000009744.3",1,1.02390615826813
"B0035.2",1,0.523446299305446
"FBpp0088297",1,0.995989146101614
"ENSMUSP00000029416.7",1,0.4828670140274
"ENSGALP00000004303.5",1,0.923957866715614
"YLR318W_mRNA",1,0.796259652149793
"YNL048W_mRNA",1,0.44150437746258
"ENSECAP00000041789.1",1,0.762171870277014
"ENSEBUP00000011983.1",1,0.874161470783591
"C52E4.2c",1,0.7260079392308
"ZK686.4",1,0.942368448422555
"ENSP00000497149.1",1,0.676923279743421
"ENSMMUP00000026932.2",1,0.47465859166159
"ENSP00000453723.1",1,0.0502307426083949
"ENSONIP00000002889.1",1,-0.0434568736524328
"FBpp0309613",1,0.734028233748617
"ENSMUSP00000092993.5",1,0.868124145526846
"ENSSSCP00000036263.1",1,1.04045980232633
"ENSP00000319469.7",1,0.765000168016601
"C27B7.5",1,1.08781386260142
"ENSEBUP00000022028.1",1,0.999871810818663
"ENSMUSP00000143438.1",1,0.711985253446598
"ENSELUP00000001120.1",1,1.12237116604664
"ENSONIP00000012466.1",1,1.21858391870433
"C56G2.6c",1,1.21436730025165
"ENSFCAP00000038358.1",1,0.777678742664802
"ENSEBUP00000008377.1",1,1.21363282776084
"ENSGALP00000070825.1",1,0.711495188312465
"ENSEBUP00000027048.1",1,1.08080104414984
"YDR088C_mRNA",1,1.16193569527658
"ENSDARP00000141593.1",1,1.02975512737895
"F09E5.3",1,0.9443695794359
"ENSELUP00000028809.1",1,0.929700479399355
"ENSDARP00000150575.1",1,0.695395438502194
"ENSECAP00000019542.2",1,-0.21305008450476
"YDR049W_mRNA",1,0.918135375231872
"ENSDARP00000118446.1",1,1.18574686739682
"YNL189W_mRNA",1,0.972821167764337
"C23H3.9b.1",1,1.64971260779725
"T06A10.1a",1,1.07423955304127
"ENSCINP00000032272.1",1,1.07600264162356
"ENSP00000462702.1",1,1.61082663717726
"K07A1.15",1,1.27609439975782
"FBpp0079479",1,1.07321115858247
"FBpp0088574",1,1.12505065554652
"ENSP00000468424.1",1,0.700126286147772
"ENSOCUP00000026257.1",1,0.830176901251727
"ENSMMUP00000052135.1",1,0.940058322042912
"ENSCINP00000005260.3",1,0.781322613898412
"ENSECAP00000006375.2",1,0.823972173302524
"ENSOCUP00000010752.2",1,1.0657122018223
"Y108F1.5",1,0.956338456131502
"YCR009C_mRNA",1,0.746562618241064
"ENSTRUP00000056699.1",1,1.0310243034373
"ENSOARP00000020519.1",1,0.867279946874958
"ENSXETP00000062504.1",1,0.0433705263963945
"ENSDARP00000124063.1",1,1.88328579931405
"ENSEBUP00000025371.1",1,0.883950494946684
"ENSMUSP00000105871.1",1,0.895847912052715
"ENSGALP00000019945.6",1,0.763360759581513
"ENSMUSP00000065113.6",1,0.894391522359358
"ENSEBUP00000001658.1",1,0.733459357169299
"ENSMMUP00000048136.1",1,-0.0051516637335377
"ENSECAP00000027553.1",1,1.1371306365389
"ENSGALP00000014708.6",1,0.59006059740575
"ENSORLP00000005385.2",1,1.05180373321799
"ENSCINP00000011919.3",1,0.898843903142096
"ENSOANP00000010999.2",1,0.492291112228901
"T21C12.2",1,0.789699174452368
"YDL030W_mRNA",1,1.19340563042589
"ENSMUSP00000010248.3",1,1.16340841282362
"FBpp0076868",1,1.27076402720402
"ENSP00000434260.1",1,1.32581413609533
"YML074C_mRNA",1,1.21961829024717
"FBpp0084078",1,1.10406168007442
"YFR044C_mRNA",1,0.191037386847716
"ENSP00000356548.5",1,1.05069920706601
"YMR083W_mRNA",1,1.37194668613974
"ENSORLP00000002804.2",1,1.03759385250663
"ENSP00000339637.4",1,1.01997486135144
"ENSPTRP00000077277.1",1,0.742504836892159
"ENSP00000268717.5",1,0.48592328858922
"ENSMUSP00000133244.1",1,1.08692537652549
"ENSP00000443475.1",1,0.690089879205873
"ENSORLP00000029500.1",1,-0.00737932576301281
"F16D3.2.1",1,1.13008192690589
"ENSP00000477848.1",1,1.02966558791787
"T20G5.11",1,1.07590664949888
"T27F2.3",1,1.2157015453354
"ENSBTAP00000006406.3",1,0.835877924100654
"ENSORLP00000018031.2",1,0.843928688113539
"ENSFCAP00000005719.5",1,0.726321285750334
"C30B5.3",1,0.863972415266933
"ENSORLP00000028161.1",1,0.951806354513748
"YHR073W_mRNA",1,1.04581299572146
"ENSP00000446745.1",1,0.262460302071606
"ENSMUSP00000026239.6",1,1.16084243324652
"YGL202W_mRNA",1,0.93072733017586
"ENSDARP00000134026.1",1,0.681853831380281
"ENSP00000441925.1",1,0.797284886023431
"ENSBTAP00000070260.1",1,1.04727984705383
"ENSTRUP00000028337.2",1,1.02650947498207
"ENSCINP00000035001.1",1,-0.440756259936728
"R74.5a.1",1,1.03742812989823
"ENSDARP00000154708.1",1,0.941694979035833
"ENSECAP00000021570.2",1,0.769829556895781
"ENSOCUP00000013485.3",1,0.829163165554996
"X1DG6A",-1,0.610266161146678
"X4JDEB",-1,-0.649800486283834
"X3TGXB",-1,1.0199507433363
"X3CX5C",-1,-0.10767204365315
"X4V00A",-1,0.143017029905535
"X5CYAA",-1,0.866416064878581
"X2DYOB",-1,0.548028715781373
"X3AJ7A",-1,1.20628839191213
"X5HJQA",-1,-0.341046135319197
"X3NR5A",-1,-1.65425448130919
"X4A8JB",-1,0.792531440126905
"X3A4RA",-1,-1.18396712498568
"X4DO4A",-1,-1.11852259480003
"X4DBBA",-1,-0.891459896197373
"X6OC0A",-1,-0.921191300293393
"X3HL4A",-1,0.425929167045969
"X1CIDA",-1,-1.54515025778919
"X4PO6A",-1,-0.334029994806762
"X3PE6A",-1,-0.0125457645935085
"X3QXYA",-1,0.411327025660529
"X6W32A",-1,-0.0930941204600853
"X3H4LA",-1,-0.237782976269475
"X4RE1C",-1,-1.06677254615739
"X6SF3A",-1,-0.783973241003037
"X3PYCA",-1,-1.0186194611226
"X4OI4B",-1,-0.804680033706141
"X2O0AA",-1,-1.19805195357844
"X2ZIHA",-1,0.0244890944089036
"X1WPAA",-1,-0.811979910258091
"X3FEGA",-1,-1.63295275714247
"X5VNYA",-1,-0.92868220714706
"X4LMGA",-1,0.590226954508393
"X4XRMA",-1,-1.8142671551001
"X5X6VG",-1,0.498014946101121
"X3PLUA",-1,-2.11359499804911
"X7CC7A",-1,-1.2204162772271
"X2F6HX",-1,-1.0022591116623
"X2I7XA",-1,1.0296834600857
"X1QD1A",-1,-0.58566056692059
"X5JJAA",-1,-0.843040260914767
"X5GTUA",-1,-0.650992021157367
"X4DKCA",-1,-1.13081556552323
"X3PPMA",-1,0.37728258963096
"X5JEAI",-1,-0.119883514839333
"X1SBXA",-1,-1.25179555435489
"X6OB7A",-1,0.699638143906886
"X2ICCA",-1,-1.25943671847689
"X2ERFA",-1,-0.999718189815766
"X3CH4B",-1,-1.27843795445691
"X2YLEA",-1,-0.0734502196983782
"X4XNHC",-1,0.828579708419341
"X6ZZZA",-1,-0.371094818344733
"X6P28A",-1,-0.884620733160587
"X2CY5A",-1,-0.755170889888323
"X3OG6B",-1,-1.96539419490558
"X3CX5G",-1,-0.977813940673089
"X4B2ZA",-1,0.926567442749414
"X7MU2A",-1,0.57026671087346
"X2UURA",-1,-0.739901287767249
"X3MILA",-1,-0.659760421772891
"X5T6JB",-1,-1.02416139462494
"X5N9GC",-1,-0.505072927308673
"X4NKBA",-1,-0.270260427507782
"X6P0QA",-1,0.562699004714193
"X3FM0A",-1,0.555331578673645
"X2CCQA",-1,-1.17867637018434
"X6TVEP",-1,-0.142879733141296
"X4B5OA",-1,-0.643244239820864
"X3N1EA",-1,-0.170523261962084
"X4HDOA",-1,-0.354049051164135
"X6HFMA",-1,-1.10802357405616
"X5D22A",-1,-0.566407322527207
"X5N8AX",-1,-1.37350186786179
"X6B9HA",-1,-1.69747525306188
"X7NZ9A",-1,0.502482340344971
"X5J1SA",-1,-0.183935255593794
"X3V46A",-1,-0.783007490351783
"X6J4PA",-1,-0.46767610116072
"X1EVSA",-1,-0.540277882514954
"X5OK6A",-1,-0.974068877988125
"X3JUDA",-1,0.420494516659349
"X6P2DA",-1,0.0763809507066032
"X6JV7A",-1,-0.66918293442465
"X1Q7LB",-1,-1.54856507538834
"X6HI2A",-1,-0.248281854964996
"X7ALKA",-1,-0.710364665382405
"X5WWOC",-1,-0.377069803275984
"X3MVCA",-1,-0.488287436277203
"X4AY9B",-1,-1.43630648378994
"X3RZNA",-1,0.279162641504808
"X5Y58A",-1,0.405245034578926
"X6OH9A",-1,0.676803361119028
"X2X2UA",-1,-0.935184141612135
"X5HKPC",-1,-0.677782797488158
"X6TL7A",-1,-1.48176961200188
"X4ZR1A",-1,0.391903530056642
"X7JJKA",-1,-0.757748913133547
"X3CX5B",-1,-0.177569362777842
"X2X4DA",-1,-0.699406509086394
"X4OLEA",-1,-0.842614212953408
"X6FOAA",-1,0.0620888413807177
"X7JV7B",-1,-0.462979713531856
"X3HM6X",-1,0.0378988872270967
"X6SN1B",-1,0.366095793636959
"X6IWVA",-1,-0.748003120070462
"X3UC9A",-1,-0.595933568371132
"X3KFOA",-1,-0.888168423026051
"X1ZBXB",-1,-1.06372680233292
"X6YPCI",-1,0.52211665521276
"X4S0UC",-1,-1.12695762121925
"X3GREA",-1,-0.46794487671595
"X2J3WB",-1,1.07206462720758
"X6L0OA",-1,-0.860037234329486
"X6RB4A",-1,-0.176955938873965
"X3TERA",-1,-0.762205817977169
"X1ZT3A",-1,-1.28313561933167
"X3QW9A",-1,-1.16875339163535
"X1PDUA",-1,-0.741495922425601
"X3G36A",-1,-1.64968479363969
"X6AIKA",-1,-0.781938978786554
"X7COHJ",-1,0.0487553596059136
"X6RRVA",-1,-1.11931523827943
"X6AC0A",-1,-1.13528893161053
"X1KOEA",-1,-0.115203385498964
"X7COHC",-1,-1.41055206204384
"X1OQJA",-1,-1.39032783826167
"X4YOMA",-1,-1.17692797767542
"X7ME5A",-1,-0.38404532065084
"X4CRUB",-1,-0.973559063640151
"X5I6RA",-1,0.478251139615153
"X7O06C",-1,-0.9783641262306
"X4KG0A",-1,-1.16093163596064
"X2H88D",-1,-1.19259825584964
"X3N01A",-1,-0.715478636443851
"X3V7DA",-1,-0.592509165891054
"X2FJI1",-1,-0.884117384923439
"X1I4WA",-1,-0.722505388512485
"X5U1TB",-1,0.543670709045846
"X3RKGA",-1,-1.34071462089213
"X4TRKA",-1,0.912436334256648
"X6QSWAAA",-1,-0.869449300312828
"X5HDWA",-1,-0.588881684300716
"X1W1HA",-1,-1.42206684773501
"X5LE5H",-1,-0.805973570882189
"X3THFA",-1,-0.771688027153795
"X3UAFA",-1,-0.837865745341877
"X4DX8H",-1,-0.675004087959004
"X6Y4LB",-1,-0.458779039242901
"X4EGCB",-1,-1.24168768673492
"X1ZUUA",-1,-1.26091464398873
"X3CX5F",-1,-0.414399652344883
"X6ZAYC",-1,0.864244711188229
"X3VZ9D",-1,-0.828885386805149
"X1NNLA",-1,0.264539624950424
"X5DJ4A",-1,0.596778924253855
"X6GBIA",-1,-1.35227415863578
"X3ZZOA",-1,-1.17174700236905
"X1YFQA",-1,0.839495267202178
"X6IUHA",-1,-1.08074210277441
"X3GQQA",-1,-0.230236122747937
"X4UMGA",-1,-0.849445383019491
"X2IFUA",-1,-0.0799984574260947
"X1RG8A",-1,-0.916964280794142
"X3DLQR",-1,-1.75634998651841
"X6FNZA",-1,-1.2488690316064
"X1YRKA",-1,-1.32949114572577
"X2HZMB",-1,-0.74002974881697
"X4N0HF",-1,-0.611202803689776
"X1SO7A",-1,-0.296483810206361
"X5M48A",-1,-0.754934377159119
"X4OF6A",-1,-1.37456137133504
"X1N9PA",-1,-1.20194082172662
"X4GIWA",-1,-1.02822572853893
"X5R8QA",-1,-0.811365992900049
"X3AJ4A",-1,-1.24979242747314
"X4A5SA",-1,0.716259522363007
"X5W7BC",-1,-0.827673885426549
"X6NRXA",-1,-0.659194337218684
"X4I6MD",-1,1.00854632260244
"X4CCVA",-1,-0.625133622541676
"X6ER1A",-1,-1.3408668255425
"X3KEYA",-1,-0.980320742192353
"X2RD7A",-1,-1.05750233095573
"X2D3DA",-1,-1.27400426612525
"X3MSXB",-1,-0.904426599328055
"X3OG6A",-1,-0.671659109492605
"X5K19A",-1,0.592894158563607
"X7C4HA",-1,0.154162380293048
"X4C9RA",-1,-1.65039110593164
"X4EFOA",-1,-0.444605520647001
"X4HNEA",-1,-0.306108392231886
"X2ARJQ",-1,-0.714121891844306
"X2IBGA",-1,-1.74871045460082
"X5AQMB",-1,-1.45163507251632
"X6UDVA",-1,-0.41852453441578
"X2AXQA",-1,0.122509447552112
"X7ASVA",-1,0.875858908304948
"X3UN9A",-1,-0.472435691702677
"X4ACOA",-1,0.841750596625825
"X6IDXA",-1,-0.73175530799361
"X6MX3A",-1,-0.644383134901806
"X4AY9X",-1,-0.935099803838302
"X6HXVA",-1,-1.00966929858034
"X2DTCA",-1,-0.336905821723076
"X2VZCA",-1,-1.75033786404456
"X4C1BA",-1,-1.32541932211222
"X7LCZA",-1,-0.593673135649518
"X3D1PA",-1,0.960653372751049
"X5WF2A",-1,-0.697650593537729
"X5JKVA",-1,0.109925644316383
"X5V2QA",-1,0.0543029984349619
"X2RH0A",-1,-0.908772541768175
"X3I2NA",-1,0.557888723481837
"X6UX9A",-1,-0.126965447421482
"X5HK1A",-1,-1.50808423668262
"X1ZS9A",-1,-0.517392679918877
"X1WRDA",-1,-1.61284854379802
"X3T6GB",-1,0.20642534222015
"X7LC2D",-1,-0.816403319694915
"X2CB8A",-1,0.297920247566719
"X3S84A",-1,-0.343329455554691
"X3KNVA",-1,0.242681226164687
"X6RPTA",-1,-0.474609327587225
"X4WMAA",-1,-1.07307850340978
"X6JKKA",-1,-0.733504480538415
"X6SWSA",-1,-0.479210809247406
"X4ZQAA",-1,-1.51512535895361
"X5UUIA",-1,-0.507371489340676
"X4I6MB",-1,0.964105539254837
"X4CCDA",-1,-0.957095668432735
"X1UFIA",-1,-1.05375502836435
"X5T6JA",-1,-1.72862571635597
"X4L1JA",-1,0.0834435164164084
"X7JOOC",-1,-0.775117901703405
"X6YGAB",-1,-0.731139375347041
"X6V1CA",-1,-1.03241178903404
"X3JQHA",-1,-0.621682277654185
"X3M31A",-1,-1.07025199764046
"X2W2XC",-1,-2.36251690257347
"X5A9DA",-1,-0.902938699386162
"X4B0FA",-1,-0.786680610369021
"X3BODA",-1,-0.91144685464511
"X6N8RA",-1,0.0687284798552139
"X4LD1A",-1,-0.288575860862393
"X3PIVA",-1,-1.11075292089085
"X5XA5A",-1,-0.861445765728791
"X7A8TB",-1,-0.603914619429122
"X6NEPA",-1,-1.20052229316032
"X2W72B",-1,-0.0158981931253589
"X3LGDA",-1,-1.61249061973871
"X6V0MA",-1,-1.15561206776133
"X1R5MA",-1,-0.320639456278424
"X6JL9A",-1,-0.879713096438302
"X4YD8A",-1,-0.71796010960648
"X3KDFA",-1,-0.907605814029924
"X2YVIA",-1,-1.5114895683842
"X6C74A",-1,-1.08713746846395
"X1ZV1A",-1,-0.796389471109519
"X6IRBA",-1,-0.62207856988709
"X2XSTA",-1,-1.19816731857784
"X6XKGA",-1,-1.24247417900883
"X4BQ6D",-1,-1.51977900134346
"X6KZJB",-1,-0.271972567768128
"X2HZMA",-1,-1.15497187089504
"X5FEBA",-1,-0.983047048247771
"X4J2CA",-1,-1.08347263258563
"X3FO5A",-1,-1.23113349893507
"X2TRCP",-1,-0.406173861320678
"X6GPKA",-1,-0.615958249225668
"X1KXPD",-1,-0.619536769319214
"X6UD7D",-1,-0.173879247155229
"X1LKIA",-1,-0.787297839874049
"X4WJ7A",-1,-1.05519900303871
"X6L1MA",-1,-1.33155863099869
"X1WC9A",-1,-0.820386558206413
"X7JTOL",-1,-0.591931901825066
"X5BQ8A",-1,-0.280202514461147
"X5FUCC",-1,-0.655860516090097
"X7AJLAAA",-1,-0.824597804274038
"X3PR6A",-1,-0.957842740397524
"X3LJUX",-1,-0.191214538051406
"X5TUCA",-1,-0.584662693244837
"X1SHUX",-1,-1.14576224503155
"X1Q8DA",-1,-0.780696664983197
"X2YMAA",-1,-0.668629319998473
"X2OUCA",-1,-0.779860503968093
"X4FZSA",-1,-1.31175504928168
"X5MSMB",-1,0.791159881269144
"X4QPNA",-1,-0.477565781106904
"X3V0DA",-1,-0.324393864850127
"X1WR6A",-1,-0.720489848148696
"X5JLVC",-1,-2.5367442349713
"X6GZJB",-1,-1.17251671586676
"X5YWTA",-1,-0.0721556393694709
"X4O6KA",-1,-0.854834322459065
"X4H27A",-1,-0.117069928464542
"X5FORA",-1,-0.981821764846879
"X3B0DB",-1,-0.918255855114676
"X2WWEA",-1,-0.927833601925554
"X2G7RA",-1,-1.82169579607816
"X7C7IC",-1,0.220632693354258
"X1TBFA",-1,-0.755509951655594
"X2QGXA",-1,-1.47782428456081
"X3GGYA",-1,0.503307140157359
"X5SBQA",-1,-0.0313657160087397
"X3POJA",-1,0.0603531117117141
"X2GYSA",-1,-1.38464799580392
"X2WXYC",-1,-0.063619576229313
"X4NUXA",-1,-0.710675434650961
"X6LXAA",-1,-0.493233470955155
"X3ICUA",-1,-1.28731057323766
"X1RPAA",-1,-0.957173375556536
"X2H62C",-1,-0.53927097267085
"X3BH7B",-1,-0.0900040325996828
"X6E1FA",-1,-1.14449840631518
"X5UQ6A",-1,-1.03736041166097
"X5NKMB",-1,0.709908468311787
"X6VW9B",-1,-0.7134402382738
"X4UVJA",-1,-1.67990664098566
"X5VEBX",-1,-1.31101889306992
"X5XISA",-1,-0.415805279463399
"X5IESC",-1,-1.18686383172129
"X1WLZA",-1,-0.961502352840168
"X1HXNA",-1,-1.0237212969563
"X2ILRA",-1,-0.979823922833155
"X4FFBC",-1,-0.604349943481733
"X6NEPB",-1,-1.11140341904497
"X4IAOC",-1,-0.493732939595695
"X4G7NA",-1,-0.716629750757027
"X4WEEA",-1,-1.22771696624711
"X4OE9A",-1,0.0941173383197734
"X6QIOD",-1,-0.173253794066071
"X6TT2A",-1,-0.596213605032071
"X6LSUA",-1,-0.284819791187059
"X6O2VA",-1,-0.959521154160003
"X2BJIA",-1,-2.67972437789896
"X6L9UA",-1,0.176903780674442
"X1QQFA",-1,-2.27827054723438
"X2XFNA",-1,0.427259354037261
"X6URQC",-1,0.544052224505008
"X6OCXA",-1,0.133371981951149
"X3O48A",-1,0.213755005686856
"X1P6OA",-1,-0.451835775813791
"X1ILKA",-1,-1.03711136406122
"X4QAFA",-1,-1.02283496954712
"X4CO8A",-1,-0.648980951922712
"X2XOCA",-1,0.0955434577252925
"X2WNPF",-1,-1.45505334495488
"X3B6HA",-1,-1.08229279171179
"X3WUZA",-1,-0.657251370612204
"X5P9VA",-1,-0.168336954604199
"X7JLGA",-1,0.732435898858259
"X6FIAA",-1,-0.865289428839619
"X6H5WA",-1,-0.183291331351827
"X6GQZA",-1,-1.09586494318156
"X2A1IA",-1,-1.09647453707043
"X3DDCB",-1,-1.04068710135601
"X4TXRA",-1,-0.788670992991059
"X6J14G",-1,-0.342363622772052
"X4GYVA",-1,-1.07650322983825
"X2CH5A",-1,-0.872202700948433
"X6J4PB",-1,0.765797327321363
"X6JPTA",-1,0.538481221768141
"X1UPKA",-1,0.574192877351934
"X7ARWA",-1,-0.926935105673945
"X2YGGA",-1,-0.246865030831696
"X1UX5A",-1,-0.417456033219915
"X7ODCA",-1,0.529301474512535
"X3RBYA",-1,-0.604057186301195
"X1K8KG",-1,1.13061435162476
"X5SUZA",-1,-1.81339952170005
"X5L74A",-1,-1.46360371670141
"X6NMGA",-1,-0.818835296716355
"X2AGCA",-1,-1.86667697399293
"X6TN1AAA",-1,-1.83427802043825
"X6DCMA",-1,-0.368618099725613
"X1JSUC",-1,-0.637654423130468
"X6U3WB",-1,-0.494181017157771
"X7L27A",-1,-1.57411427790558
"X5E4EB",-1,-0.576006366501323
"X6EQTA",-1,-0.250080745085069
"X6KZJA",-1,-1.34560724588973
"X4N0HA",-1,0.746736470625218
"X5I9JA",-1,-0.689967440637762
"X5YVNA",-1,0.837299052464656
"X5ITZD",-1,-0.125510313990251
"X2NXPA",-1,-1.58011681233019
"X5A9HA",-1,0.177071615089076
"X3QRLA",-1,-1.14980590050382
"X7S13C",-1,-1.45592585915865
"X3OXQE",-1,-1.58125443943196
"X6VAXB",-1,0.646781986902072
"X1XT9A",-1,0.29073554053736
"X1EERA",-1,-0.724632574547032
"X5YHUA",-1,-0.823243019638237
"X4C5WA",-1,0.791069399003123
"X5JO8A",-1,-0.89973475896918
"X3NS4A",-1,-0.664662203789892
"X6PYRB",-1,-0.682589913785222
"X6IS0A",-1,-0.163600447772242
"X2Q8KA",-1,-0.0453202751558334
"X4BVXB",-1,-1.35116662128038
"X3KDEC",-1,0.590509014633569
"X6M7XA",-1,-0.357198878425018
"X2Q12A",-1,-0.760732353864358
"X3WDNA",-1,-0.401524031874151
"X3HX3A",-1,-0.377070689443129
"X5W7BA",-1,-1.02847216819407
"X6B9XC",-1,0.272275040586385
"X1SQ9A",-1,0.370460542203763
"X1OJ5A",-1,-0.947592295743785
"X4WY4D",-1,-1.32689821258603
"X3HSHA",-1,-0.459370480680207
"X2NSNA",-1,-1.41279678811223
"X6V5AA",-1,0.49341475927671
"X5EH1A",-1,-1.04425501063443
"X6BHCA",-1,0.244597151797441
"X7KIHA",-1,-0.931474161997805
"X2E9XD",-1,0.806936878648881
"X3KFFA",-1,-0.970958133660396
"X5ZYUA",-1,-0.595746345883387
"X6NY9B",-1,-0.509420055824187
"X5MEBA",-1,-0.860111647920819
"X4WW7B",-1,-0.713628736311938
"X6P7ZA",-1,-0.0421716465480984
"X2C5LC",-1,-0.617503552199973
"X4MSXA",-1,-0.112429151017471
"X3AIHA",-1,-0.921807233596758
"X4BB9A",-1,-0.600244797906297
"X6R99A",-1,0.671804165833503
"X4E0QA",-1,-1.12114977445501
"X7DA0C",-1,-1.11826367005445
"X3VU9A",-1,-0.977053939687216
"X6AU8A",-1,-0.593094550013878
"X3R62A",-1,0.237418952383044
"X3K40A",-1,0.089060260085819
"X2A5YB",-1,0.589902836682315
"X1L9XA",-1,-1.05192001609226
"X2NXFA",-1,-1.5227994596899
"X4YI8A",-1,-0.425464890270392
"X1PPJI",-1,1.0128181350174
"X1NJRA",-1,0.520253938729612
"X4WXAA",-1,-0.691729972702775
"X5AX2A",-1,-0.60565085301855
"X6J0YC",-1,-0.667474982090578
"X6E68A",-1,-0.292468360603831
"X2E9XC",-1,-0.561624572140656
"X5W2LA",-1,-0.41781239214044
"X3WTTB",-1,1.00954731516687
"X4PW2A",-1,0.487806553671131
"X4RSCA",-1,0.77033109867154
"X3QJ4A",-1,-0.0576288096519092
"X1OOEA",-1,0.608707512888719
"X6R2WT",-1,-1.3900439305078
"X3QMLC",-1,-1.06831512260732
"X5B71E",-1,-1.18933416547522
"X5JGFA",-1,-0.528429656922833
"X4HPMA",-1,0.848626267226179
"X2J3TC",-1,0.19334646839586
"X5A07A",-1,-0.242577097355557
"X6XBOA",-1,0.324360982546825
"X6ZT0A",-1,-1.07883207235957
"X2C5KT",-1,0.490825004024595
"X1AX8A",-1,-0.537495841792114
"X3C5EA",-1,0.505363746699294
"X4Z47A",-1,-0.89555367418379
"X6JM5A",-1,-0.977583260921923
"X3PVLB",-1,0.0370151855384933
"X3WTDA",-1,-0.570821312515945
"X2WVIA",-1,-1.17600926189431
"X5GZAA",-1,-1.19914610548044
"X7ASGA",-1,-0.314124018145436
"X1ROCA",-1,-0.788047481356209
"X3OHSX",-1,0.47431652024029
"X2GB4A",-1,-0.0787909606457085
"X2CY9A",-1,0.834792081950203
"X3D59A",-1,-0.676450567097777
"X7LT1A",-1,-0.29348405139049
"X5D2MG",-1,-1.02464056504759
"X6E7RB",-1,-1.33246123356482
"X2IBNA",-1,-1.42295918859753
"X2YPAB",-1,0.0595672527495544
"X3PB6X",-1,-1.14174220401308
"X6C93A",-1,-0.980181495654533
"X3AY5A",-1,0.239082633697854
"X7B2SA",-1,-1.00403705193479
"X1JTVA",-1,0.596551915310396
"X3D34A",-1,-0.653192417899403
"X3G3TA",-1,-0.510419086355761
"X1VKKA",-1,-0.239448060957937
"X3SF4D",-1,-0.726993600421673
"X4E15A",-1,-0.683598554070065
"X6J8YB",-1,-0.566898610253784
"X1EPAA",-1,-1.03591778957112
"X5C1MA",-1,-1.03673455858236
"X1U9KA",-1,-1.3254828735068
"X1FO8A",-1,-0.236641189464981
"X4CA1A",-1,-1.16221342007476
"X6FULA",-1,-0.157786892456645
"X1WQ6A",-1,-1.14379290456618
"X3MLNA",-1,0.822054096435251
"X2Y9UA",-1,-0.00471895437823588
"X4ZGMA",-1,-0.956058727535401
"X1JR2A",-1,-0.491352816942234
"X5TD6A",-1,-0.152989757012241
"X1MNNA",-1,0.839426574155014
"X2CXKA",-1,-1.34651820122077
"X6GF6A",-1,-1.30822128704255
"X6ZVOA",-1,-1.15142125232808
"X3RBNA",-1,-0.592246160232836
"X4XGUA",-1,0.873377598371592
"X1XW3A",-1,-1.23221889063006
"X1KXUA",-1,-0.224889392618383
"X3MK4A",-1,-0.903803770922222
"X6ZEGC",-1,-0.873723256760956
"X1AVOB",-1,-1.07025899708199
"X3S5LG",-1,-1.27966966637725
