,score
0,0.01664
1,0.81362385
2,0.96150434
3,0.09719612
4,0.7425422
5,0.93682706
6,0.86136276
7,0.98336995
8,0.019783407
9,0.9075028
10,0.9000432
11,0.9999771
12,0.9947941
13,0.004091954
14,0.9928098
15,0.93809587
16,0.9458412
17,0.06821316
18,0.9092916
19,0.99545586
20,0.0127973305
21,0.99318486
22,0.8626625
23,0.9737008
24,0.71607363
25,0.9952708
26,0.4693253
27,0.9531696
28,0.8967333
29,0.9778618
30,0.97856265
31,0.9741208
32,0.9979724
33,0.9162426
34,0.9955369
35,0.993234
36,0.8560194
37,0.99195087
38,0.08835477
39,0.0060058474
40,0.6069498
41,0.9953061
42,0.99774384
43,0.83597004
44,0.19840309
45,0.99395835
46,0.9218737
47,0.965874
48,0.9565439
49,0.9992322
50,0.80022216
51,0.107006766
52,0.35116088
53,0.999974
54,0.9783157
55,0.08479312
56,0.98254806
57,0.9856436
58,0.9907301
59,0.96137154
60,0.9973801
61,0.2520506
62,0.95765764
63,0.0009041211
64,0.050820224
65,0.7421017
66,0.22401114
67,0.9764653
68,0.994159
69,0.9765295
70,0.63849425
71,0.996358
72,0.047936276
73,0.8857925
74,0.9926519
75,0.984746
76,0.9497353
77,0.975958
78,0.31889117
79,0.9999682
80,0.9883477
81,0.9804232
82,0.99653804
83,0.9866143
84,0.99955934
85,0.97172326
86,0.9995503
87,0.67421997
88,0.9981294
89,0.0029669686
90,0.9822327
91,0.9991278
92,0.9130995
93,0.9931573
94,0.9982888
95,0.9997321
96,0.9960886
97,0.9862217
98,0.5961065
99,0.9897967
100,0.9983413
101,0.70516324
102,0.38771173
103,0.07121451
104,0.99987614
105,0.99636203
106,0.9560446
107,0.98390365
108,0.98927236
109,0.9277494
110,0.10741178
111,0.9956203
112,0.44590014
113,0.39787078
114,0.99841356
115,0.90456975
116,0.99914694
117,0.9585716
118,0.99663734
119,0.9290069
120,0.95295256
121,0.8642883
122,0.053585347
123,0.96719176
124,0.88837445
125,0.050347842
126,0.99262094
127,0.84921527
128,0.9952236
129,0.56033826
130,0.99898213
131,0.7798635
132,0.90435666
133,0.33008903
134,0.7883061
135,0.9907217
136,0.9747472
137,0.95734596
138,0.9488843
139,0.99469095
140,0.90756285
141,0.999819
142,0.9970196
143,0.86729765
144,0.30755585
145,0.9520318
146,0.9937727
147,0.97954035
148,0.06657746
149,0.39672956
150,0.9995376
151,0.99247545
152,0.70353884
153,0.0033056007
154,0.94163454
155,0.87257147
156,0.99940205
157,0.9942409
158,0.97942597
159,0.98368996
160,0.99942446
161,0.9999213
162,0.40640396
163,0.99715483
164,0.9549266
165,0.99036014
166,0.99850637
167,0.9492861
168,0.9611788
169,0.026368877
170,0.9249714
171,0.9911232
172,0.99976605
173,0.99643135
174,0.98026145
175,0.92194885
176,0.95945805
177,0.9993918
178,0.9921916
179,0.83721524
180,0.9402911
181,0.99150264
182,0.9985489
183,0.8855448
184,0.9945128
185,0.9770258
186,0.98424906
187,0.9927301
188,0.8997757
189,0.07260211
190,0.7465389
191,0.96172214
192,0.0155641055
193,0.96857285
194,0.9855811
195,0.9205432
196,0.999864
197,0.9830677
198,0.8402295
199,0.74221146
200,0.5091189
201,0.89052063
202,0.09607873
203,0.9094347
204,0.96692055
205,0.9867422
206,0.99983
207,0.9329241
208,0.9965479
209,0.99871457
210,0.77156705
211,0.11952897
212,0.9051199
213,0.01091674
214,0.9967565
215,0.08016269
216,0.9997973
217,0.64933527
218,0.9048003
219,0.8297362
220,0.9950191
221,0.9872497
222,0.9856763
223,0.01220956
224,0.98918134
225,0.8594929
226,0.04630386
227,0.9854497
228,0.67332613
229,0.046422884
230,0.05863042
231,0.039188933
232,0.99846315
233,0.04165431
234,0.999091
235,0.96828085
236,0.8914287
237,0.9701091
238,0.8245569
239,0.9941147
240,0.5635505
241,0.9854607
242,0.8348853
243,0.33401996
244,0.7340876
245,0.9777784
246,0.9441819
247,0.99385035
248,0.97520024
249,0.94147235
250,0.98094314
251,0.9300693
252,0.024165893
253,0.9560612
254,0.62956774
255,0.9889764
256,0.48314098
257,0.97865045
258,0.8506302
259,0.9287269
260,0.3650165
261,0.8446737
262,0.97829026
263,0.947856
264,0.964655
265,0.99364084
266,0.9826052
267,0.41054597
268,0.99221814
269,0.34972808
270,0.9510497
271,0.9546093
272,0.3425034
273,0.9909287
274,0.8520036
275,0.12937815
276,0.12699868
277,0.10013083
278,0.90635026
279,0.96329975
280,0.9999906
281,0.9871421
282,0.042852346
283,0.9809911
284,0.9997943
285,0.9954332
286,0.22198436
287,0.9967109
288,0.9973381
289,0.9786027
290,0.97928166
291,0.9976369
292,0.91520023
293,0.9569477
294,0.9699589
295,0.99055815
296,0.99296486
297,0.9774929
298,0.99038225
299,0.99915075
300,0.99213386
301,0.99515605
302,0.99993014
303,0.9798078
304,0.53847486
305,0.2741145
306,0.9522236
307,0.9924739
308,0.87216514
309,0.99888486
310,0.99767
311,0.9894415
312,0.008329341
313,0.98487884
314,0.99316084
315,0.97466916
316,0.76033443
317,0.94740796
318,0.041059308
319,0.9678545
320,0.67435753
321,0.9816699
322,0.99982077
323,0.99177694
324,0.9843313
325,0.9903459
326,0.96381897
327,0.9755141
328,0.9871494
329,0.28884602
330,0.99090517
331,0.9675261
332,0.99191815
333,0.9039949
334,0.974725
335,0.9721194
336,3.8130384e-08
337,0.98825735
338,0.06440037
339,0.049193583
340,0.39233252
341,0.39490065
342,0.957331
343,0.99886656
344,0.99983704
345,0.9916093
346,0.94977593
347,0.3751057
348,0.97952783
349,0.9935142
350,0.989503
351,0.99627775
352,0.9190363
353,0.5419041
354,0.103293315
355,0.99820507
356,0.61046064
357,0.9812525
358,0.9377019
359,0.90911466
360,0.9852304
361,0.989666
362,0.9920853
363,0.22908124
364,0.9847884
365,0.89740056
366,0.06751319
367,0.99461234
368,0.90182555
369,0.99643195
370,0.9997955
371,0.9794607
372,0.99926084
373,0.8214019
374,0.9895488
375,0.99062634
376,0.9836104
377,0.9482232
378,0.001416686
379,0.020236058
380,0.01688583
381,0.999387
382,0.86475796
383,0.9699627
384,0.76384544
385,0.994124
386,0.9937311
387,0.035630252
388,0.91176546
389,0.9976318
390,0.66289
391,0.13461536
392,0.47205994
393,0.021057852
394,0.0025400429
395,0.99955064
396,0.8943375
397,0.9749244
398,0.9988298
399,0.988359
400,0.99957687
401,0.87083906
402,0.24802484
403,0.99641585
404,0.051546484
405,0.98934525
406,0.99821246
407,0.65150243
408,0.9324387
409,0.10420585
410,0.98592514
411,0.9820764
412,0.96022105
413,0.6508092
414,0.7857943
415,0.07885038
416,0.9987465
417,0.96772486
418,0.05886157
419,0.9999068
420,0.87107587
421,0.99922967
422,0.77957594
423,0.6585639
424,0.50409365
425,0.32886532
426,0.9830245
427,0.9937397
428,0.9968843
429,0.99118924
430,0.18726578
431,0.8976667
432,0.9817037
433,0.7067685
434,0.25467724
435,0.99996257
436,0.42572552
437,0.96844345
438,0.9447541
439,0.98611176
440,0.9612358
441,0.69199663
442,0.9248745
443,0.994269
444,0.6050945
445,0.88546896
446,0.92260784
447,0.02695073
448,0.9275225
449,0.99813133
450,0.059197612
451,0.9394017
452,0.94997954
453,0.9407505
454,0.98254794
455,0.99978095
456,0.7120397
457,0.1312025
458,0.9757141
459,0.95893466
460,0.098200105
461,0.9681391
462,0.94231385
463,0.9935622
464,0.83070874
465,0.6708101
466,0.98620206
467,0.8945079
468,0.992432
469,0.18354166
470,0.6344516
471,0.6025865
472,0.97304994
473,0.55351293
474,0.7762509
475,0.74467534
476,0.4751825
477,0.9799222
478,0.9970124
479,0.9144127
480,0.13053532
481,0.9403572
482,0.5052659
483,0.0051573236
484,0.91620266
485,0.5365878
486,0.9667945
487,0.09762074
488,0.94690084
489,0.8385542
490,0.9966704
491,0.9987612
492,0.04214896
493,0.1427215
494,0.9999013
495,0.9963838
496,0.99752694
497,0.99347645
498,0.77530015
499,0.9453966
500,0.9564341
501,0.9442856
502,0.99464697
503,0.9907363
504,0.8954329
505,0.79849875
506,0.99999833
507,0.991043
508,0.9688183
509,0.62361807
510,0.44404733
511,0.98939604
512,0.980434
513,0.967573
514,0.7630339
515,0.98221415
516,0.99426323
517,0.97210807
518,0.8587465
519,0.98079646
520,0.95847285
521,0.9306729
522,0.9977628
523,0.05572168
524,0.9598994
525,0.9971187
526,0.028863393
527,0.9841393
528,0.9808188
529,0.0032922546
530,0.00011889721
531,0.95657194
532,0.13449894
533,0.6944787
534,0.9870483
535,0.028001219
536,0.99898654
537,0.9407721
538,0.9872061
539,0.9972717
540,0.9901562
541,0.9981426
542,0.9976713
543,0.37815702
544,0.5685465
545,0.99987614
546,0.8673952
547,0.96773535
548,0.9387583
549,0.98498255
550,0.9986217
551,0.05452154
552,0.9946683
553,0.0039552567
554,0.989551
555,0.8700086
556,0.0845529
557,0.967171
558,0.2340461
559,0.9689631
560,0.0892032
561,0.1376421
562,0.9921325
563,0.9987955
564,0.99495184
565,0.14999512
566,0.9998534
567,0.9727851
568,0.9990588
569,0.05673765
570,0.03448928
571,0.99893874
572,0.95875263
573,0.9729951
574,0.9900125
575,0.9999887
576,0.9873653
577,0.905254
578,0.97429276
579,0.12249792
580,0.9650956
581,0.9837578
582,0.97876567
583,0.09684884
584,0.9434262
585,0.9647584
586,0.9911184
587,0.98172057
588,0.9844844
589,0.87565935
590,0.57722056
591,0.99900407
592,0.9776894
593,0.9870853
594,0.8088906
595,0.9931558
596,0.8188912
597,0.19250199
598,0.5656989
599,0.96873426
600,0.9999038
601,0.9987207
602,0.9909587
603,0.9730285
604,0.95849234
605,0.97258353
606,0.99784756
607,0.19776979
608,0.9925822
609,0.90530884
610,0.7302318
611,0.9814998
612,0.98528486
613,0.9999002
614,0.99917763
615,0.99998546
616,0.99699235
617,0.9998729
618,0.99822766
619,0.9865545
620,0.9693709
621,0.9819671
622,4.6402792e-07
623,0.99980015
624,0.32186228
625,0.9029646
626,0.9999976
627,0.99631894
628,0.8593288
629,0.87799937
630,0.00988636
631,0.9851267
632,0.99023694
633,0.30783117
634,0.91811186
635,0.9282521
636,0.99457425
637,0.0622289
638,0.99998605
639,0.98251915
640,0.7572634
641,0.98001206
642,0.9976234
643,0.97340965
644,0.24904284
645,0.013543191
646,0.9956577
647,0.935034
648,0.44043234
649,0.8568577
650,0.9167615
651,0.020352442
652,0.6320194
653,0.9872892
654,0.99753904
655,0.9906974
656,0.4310722
657,0.9995247
658,0.9968352
659,0.042500317
660,0.86556727
661,0.51051813
662,0.79891884
663,0.9961378
664,0.8604235
665,0.99834025
666,0.9924219
667,0.12544282
668,0.91755813
669,0.98139656
670,0.00053635845
671,0.985941
672,0.99427927
673,0.99859565
674,0.8872164
675,0.9999665
676,0.99800664
677,0.59994364
678,0.9315978
679,0.99025553
680,0.9824248
681,0.11393013
682,0.8180142
683,0.98195446
684,0.41204992
685,0.962969
686,0.9807694
687,0.79297924
688,0.997227
689,0.23866026
690,0.11036317
691,0.010098493
692,0.94572127
693,0.9309167
694,0.9809787
695,0.981042
696,0.999627
697,0.95347464
698,0.44882452
699,0.05670826
700,0.26606986
701,0.9891073
702,0.99993885
703,0.741021
704,0.962445
705,0.46013308
706,0.3683921
707,0.9149227
708,0.01804383
709,0.9904952
710,0.9998023
711,0.94643956
712,0.95750976
713,0.9389152
714,0.99136764
715,0.968599
716,0.99195695
717,0.942494
718,0.9638258
719,0.9510514
720,0.0007565396
721,0.9966378
722,0.99661094
723,0.98372424
724,0.9529449
725,0.9422145
726,0.99328667
727,0.9999094
728,0.9983327
729,0.95178074
730,0.992351
731,0.059709653
732,0.98838115
733,0.8683196
734,0.9654836
735,0.8326003
736,0.99918646
737,0.54486006
738,0.9996344
739,0.8663127
740,0.9953318
741,0.8484535
742,0.011133468
743,0.8256795
744,0.98614234
745,0.92972875
746,0.014572222
747,0.99500763
748,0.99817574
749,0.98068905
750,0.84349436
751,0.9557093
752,0.037437674
753,0.8541833
754,0.96890867
755,0.72849166
756,0.99997866
757,0.9980326
758,0.99958616
759,0.9923429
760,0.9495524
761,0.96662235
762,0.973317
763,0.06953094
764,0.9981198
765,0.9938055
766,0.045110803
767,0.33385032
768,0.9797125
769,0.5987557
770,0.93406606
771,0.9816165
772,0.9495223
773,0.9882174
774,0.9995821
775,0.99790287
776,0.99901545
777,0.027962714
778,0.9957045
779,0.97890854
780,0.8377755
781,0.86503965
782,0.60622865
783,0.9997987
784,0.9000285
785,0.09801767
786,0.62562233
787,0.98724174
788,0.99980146
789,0.97581756
790,0.7280323
791,0.9749555
792,0.069520146
793,0.98196983
794,0.99730384
795,0.99803513
796,0.932162
797,0.9938386
798,0.59120136
799,0.89636993
800,0.88638055
801,0.833077
802,0.98822826
803,0.99721706
804,0.49068853
805,0.062588386
806,0.99160063
807,0.99423665
808,0.8249292
809,0.07662133
810,0.9988065
811,0.016398625
812,0.7347726
813,0.15518634
814,0.9721085
815,0.48975432
816,0.85899925
817,0.99988496
818,0.99973005
819,0.99967885
820,0.036604635
821,0.01103152
822,0.991772
823,0.88264203
824,0.9982256
825,0.034898724
826,0.97800875
827,0.99862325
828,0.013329669
829,0.99885285
830,0.93501866
831,0.7170348
832,0.99272597
833,0.98672974
834,0.9937676
835,0.9993273
836,0.9752719
837,0.9753342
838,0.9980413
839,0.9629717
840,0.4815633
841,0.99703765
842,0.78824496
843,0.9909638
844,0.16635472
845,0.8690318
846,0.9996755
847,0.9419557
848,0.030975442
849,0.7041719
850,0.9884636
851,0.98992574
852,0.0028012188
853,0.9797291
854,0.9785917
855,0.0011062172
856,0.9112565
857,0.99967515
858,0.9999292
859,0.99928147
860,0.87267166
861,0.96030676
862,0.15523435
863,0.9932088
864,0.92351854
865,0.94925445
866,0.9029493
867,0.99416107
868,0.99990714
869,0.9476581
870,0.9320719
871,0.00679768
872,0.014618307
873,0.98893714
874,0.9976833
875,0.99205506
876,0.99957746
877,0.9906811
878,0.044149224
879,0.84154904
880,0.8224219
881,0.0690368
882,2.7724667e-05
883,0.99642736
884,0.99766266
885,0.3195572
886,0.98745537
887,0.9944918
888,0.16651715
889,0.9517235
890,0.99543506
891,0.9986297
892,0.020188237
893,0.99964094
894,0.99999535
895,0.48113987
896,0.93329203
897,0.8978506
898,0.99959797
899,0.0069267997
900,0.9594779
901,0.27741316
902,0.10572503
903,0.9998851
904,0.9540805
905,0.9732656
906,0.9932035
907,0.5470529
908,0.9966593
909,0.87663347
910,0.9005091
911,0.99973506
912,0.97993577
913,0.99832195
914,0.9877994
915,0.14666626
916,0.9598318
917,0.81848705
918,0.99744177
919,0.99884546
920,0.9923293
921,0.9693498
922,0.0018342757
923,0.571045
924,0.8939391
925,0.91382813
926,0.6640427
927,0.9327164
928,0.1441468
929,0.9887692
930,0.99986815
931,0.84257793
932,0.016418325
933,0.9630554
934,0.26712894
935,0.9966832
936,0.83322155
937,0.38891742
938,0.53661627
939,0.9892777
940,0.036538992
941,0.29111943
942,0.08594296
943,0.96984583
944,0.00074837194
945,0.99927527
946,0.98891544
947,0.9979042
948,0.43121746
949,0.9725692
950,0.85396194
951,0.89778185
952,0.12715332
953,0.06543571
954,0.9720201
955,0.89293766
956,0.8868887
957,0.95768017
958,0.6240352
959,0.13641934
960,0.003801062
961,0.9987614
962,0.9067679
963,0.99989307
964,0.9050261
965,0.49403825
966,0.99921775
967,0.7319996
968,0.06467
969,0.6612311
970,0.8724949
971,0.9836308
972,0.99534154
973,0.9989108
974,0.10967536
975,0.0004956848
976,0.9722034
977,0.9927153
978,0.97579306
979,0.11796169
980,0.99990594
981,0.009326489
982,0.9925694
983,0.071858294
984,0.9834556
985,0.9981719
986,0.21436621
987,0.08458496
988,0.99112403
989,0.9782844
990,0.9648585
991,0.07668111
992,0.958743
993,0.88320595
994,0.83740896
995,0.9875896
996,0.5861573
997,0.061628044
998,0.99943835
999,0.9992036
1000,0.9999777
1001,0.92991745
1002,0.9684826
1003,0.9991691
1004,0.97597325
1005,0.98907834
1006,0.98857725
1007,0.98380613
1008,0.9989153
1009,1.1164541e-10
1010,0.9759405
1011,0.98369783
1012,0.4252514
1013,0.85873485
1014,0.99425757
1015,0.9833245
1016,0.99981755
1017,0.959496
1018,0.067026556
1019,0.98531383
1020,0.956418
1021,0.92962986
1022,0.934605
1023,0.9749428
1024,0.003943067
1025,0.9660705
1026,0.4792744
1027,0.03802159
1028,0.39070216
1029,0.03379033
1030,0.9015341
1031,0.9625742
1032,0.9996667
1033,0.99357796
1034,0.82912546
1035,0.99748576
1036,0.96330386
1037,0.023554655
1038,0.8365627
1039,0.9315888
1040,0.99778
1041,0.9988972
1042,0.5642065
1043,0.96924466
1044,0.96720785
1045,0.99834096
1046,0.9974139
1047,0.7679794
1048,0.82043195
1049,0.99997365
1050,0.647835
1051,0.9736669
1052,0.44058582
1053,0.80569583
1054,0.99879575
1055,0.9968274
1056,0.99090123
1057,0.9603428
1058,0.55410695
1059,0.8035357
1060,0.99953735
1061,0.9883968
1062,0.9998313
1063,0.94273436
1064,0.98958594
1065,0.9999962
1066,0.19782872
1067,0.9942676
1068,0.053200874
1069,0.044826776
1070,0.9999945
1071,0.9943116
1072,0.67286044
1073,0.9805611
1074,0.918146
1075,0.9867301
1076,0.056141023
1077,0.40104112
1078,0.9999198
1079,0.9892569
1080,0.98891187
1081,0.8158582
1082,0.94165367
1083,0.9974177
1084,0.999647
1085,0.99386877
1086,0.3942425
1087,0.021630509
1088,0.9893076
1089,0.9452854
1090,0.99428284
1091,0.21306463
1092,0.99984646
1093,0.96721494
1094,0.15602718
1095,0.9697308
1096,0.7371115
1097,0.9042267
1098,0.97533774
1099,0.25840417
1100,0.9989785
1101,0.999956
1102,0.66905206
1103,0.9691159
1104,0.46039152
1105,0.023680529
1106,0.05491425
1107,0.24131644
1108,0.9983511
1109,0.9999515
1110,0.99450654
1111,0.9876831
1112,0.8698554
1113,0.99546486
1114,0.63083386
1115,0.9997603
1116,0.9981645
1117,0.8782713
1118,0.9492569
1119,0.8596482
1120,0.9993987
1121,0.98656946
1122,0.3275461
1123,0.92449754
1124,0.8756676
1125,0.95329005
1126,0.8742223
1127,0.0734443
1128,0.99413586
1129,0.7673627
1130,0.9618184
1131,0.96505517
1132,0.93660647
1133,0.9844179
1134,0.97243303
1135,0.99026346
1136,0.99109226
1137,0.87762797
1138,0.999363
1139,0.9658979
1140,0.50359756
1141,0.25555238
1142,0.049838483
1143,0.9865915
1144,0.96097267
1145,0.954271
1146,0.1769294
1147,0.9435927
1148,0.99855345
1149,0.9013178
1150,0.6027351
1151,0.77582157
1152,0.9862497
1153,0.9807099
1154,0.951874
1155,0.9369325
1156,0.13339303
1157,0.9989568
1158,0.030479955
1159,0.99157023
1160,0.98535186
1161,0.98713857
1162,0.8201648
1163,0.70475096
1164,0.9998839
1165,0.94548064
1166,0.96043277
1167,0.95373505
1168,0.15074937
1169,0.9415223
1170,0.9545833
1171,0.22510397
1172,0.8713801
1173,0.5707773
1174,0.98872316
1175,0.96308744
1176,0.10088494
1177,0.016322616
1178,0.95127904
1179,0.9949785
1180,0.99912804
1181,0.995643
1182,0.69236946
1183,0.9962424
1184,0.9968527
1185,0.00028929298
1186,0.5254343
1187,0.6602819
1188,0.9809997
1189,0.9991673
1190,0.93164974
1191,0.9872729
1192,1.0742625e-05
1193,0.9056781
1194,0.95947593
1195,0.9755697
1196,0.80413705
1197,0.9999808
1198,0.99749005
1199,0.97399455
1200,0.9349349
1201,0.48212194
1202,0.58535427
1203,0.9500429
1204,0.7862263
1205,0.95997643
1206,0.7739581
1207,0.9750631
1208,0.78850263
1209,0.5641456
1210,0.989181
1211,0.9858564
1212,0.0070024957
1213,0.10619165
1214,0.99953246
1215,0.9792483
1216,0.9809996
1217,0.9952251
1218,0.98690736
1219,0.9952755
1220,0.96843195
1221,0.470313
1222,0.7883305
1223,0.9931982
1224,0.89893913
1225,0.00080678373
1226,0.978
1227,0.9927719
1228,0.9973003
1229,0.99639136
1230,0.9985298
1231,0.962843
1232,0.99261475
1233,0.0084320605
1234,1.7096696e-05
1235,0.7469646
1236,0.9509095
1237,0.97819567
1238,0.9693384
1239,0.42337283
1240,0.99990654
1241,0.9999987
1242,0.8875566
1243,0.8464022
1244,0.8790115
1245,0.99403
1246,0.9999976
1247,0.0057357317
1248,0.28376102
1249,0.11379873
1250,0.99989593
1251,0.9882505
1252,0.014027414
1253,0.9974527
1254,0.92356175
1255,0.999006
1256,0.99573874
1257,0.78197837
1258,0.060856182
1259,8.2491915e-06
1260,0.9782657
1261,0.49307555
1262,0.98127836
1263,0.083611146
1264,0.19383048
1265,0.72912896
1266,0.98576003
1267,0.028106052
1268,0.99745554
1269,0.99956745
1270,0.17487319
1271,0.01258373
1272,0.68897915
1273,0.99243355
1274,0.67656153
1275,0.9921482
1276,0.06255932
1277,0.98642725
1278,0.35141522
1279,0.99858236
1280,0.9989575
1281,0.59351265
1282,0.9930623
1283,0.9990294
1284,0.9967129
1285,0.20626098
1286,0.97397894
1287,0.572609
1288,0.97767055
1289,0.9763484
1290,0.976045
1291,0.95775145
1292,0.9974253
1293,0.9268871
1294,0.7606274
1295,0.9979177
1296,0.15744421
1297,0.9619105
1298,0.9900045
1299,0.99878734
1300,0.06723814
1301,0.3323475
1302,0.065449394
1303,1.8317336e-05
1304,0.9331797
1305,0.9853638
1306,0.99765897
1307,0.95236844
1308,0.37557888
1309,0.08698896
1310,0.09471431
1311,0.9402307
1312,0.12205904
1313,0.91084677
1314,0.99376947
1315,0.97796917
1316,0.97905236
1317,0.9967668
1318,0.85921544
1319,0.9320308
1320,0.99870825
1321,0.836876
1322,0.1111495
1323,0.14920872
1324,0.9594655
1325,0.0006745003
1326,0.9517122
1327,0.96104485
1328,0.97597367
1329,0.43291044
1330,0.9882862
1331,0.99160415
1332,0.05722453
1333,0.71055937
1334,0.028380617
1335,0.14242278
1336,0.9585083
1337,0.971049
1338,0.9848549
1339,0.99857926
1340,0.9932459
1341,0.039307266
1342,0.48244172
1343,0.93280894
1344,0.95405006
1345,0.99865216
1346,0.98474586
1347,0.94685125
1348,0.97057366
1349,0.99588984
1350,0.81872773
1351,0.99977475
1352,0.0019418197
1353,0.9939121
1354,0.99990964
1355,0.74326134
1356,0.8901001
1357,0.8675121
1358,0.9932219
1359,0.0038251048
1360,0.8975755
1361,0.99513537
1362,0.031799432
1363,0.9645148
1364,0.9996606
1365,0.9780281
1366,0.93047553
1367,0.9985055
1368,0.03927228
1369,0.043545313
1370,0.9901432
1371,0.60605925
1372,0.82308125
1373,0.078603454
1374,0.085215986
1375,0.9865037
1376,0.12403834
1377,0.9856952
1378,0.9559246
1379,0.049089048
1380,0.9933468
1381,0.9451851
1382,0.9959265
1383,0.9975172
1384,0.6781194
1385,0.9779977
1386,0.4486165
1387,0.91505843
1388,0.9757808
1389,0.991848
1390,0.13949776
1391,0.030805677
1392,0.12415467
1393,0.98477316
1394,0.9988136
1395,0.932442
1396,0.9946371
1397,0.0033513184
1398,0.91214675
1399,0.99049884
1400,0.9768569
1401,0.9982109
1402,0.3337422
1403,0.99099815
1404,0.6117443
1405,0.03910326
1406,0.27711114
1407,0.966959
1408,0.9994247
1409,0.9916801
1410,0.9887798
1411,0.7874417
1412,0.9011025
1413,0.9863159
1414,0.99133646
1415,0.86456454
1416,0.77812696
1417,0.99706346
1418,0.99977666
1419,0.9776855
1420,0.99752325
1421,0.46231726
1422,0.9939581
1423,0.99998224
1424,0.49780324
1425,0.9702672
1426,0.68526983
1427,0.9963141
1428,0.05496688
1429,0.9517677
1430,0.99684024
1431,0.99995434
1432,0.87368864
1433,0.9682505
1434,0.1681732
1435,0.99896884
1436,0.99981743
1437,0.92981523
1438,0.9941332
1439,0.99722713
1440,0.95284885
1441,1.3812338e-07
1442,0.99931085
1443,0.9702656
1444,0.998963
1445,0.9888326
1446,0.98780614
1447,0.9018335
1448,0.04972872
1449,0.44751698
1450,0.99971014
1451,0.99984944
1452,0.9386356
1453,0.4566883
1454,0.98063856
1455,0.96918285
1456,0.9971718
1457,0.9935167
1458,0.96974397
1459,0.58210087
1460,0.9924811
1461,0.17398012
1462,0.5440186
1463,0.006491237
1464,0.5337916
1465,0.9996828
1466,0.98175067
1467,0.00064667955
1468,0.99573493
1469,0.018938731
1470,0.34226295
1471,0.54690313
1472,0.6240075
1473,0.16619882
1474,0.96323574
1475,0.9981029
1476,0.99411607
1477,0.9997881
1478,0.98737204
1479,0.8472967
1480,0.9905565
1481,0.7696793
1482,0.9998908
1483,0.8754192
1484,0.9613832
1485,0.024624212
1486,0.9973807
1487,0.9687876
1488,0.8476292
1489,0.24685554
1490,0.99061865
1491,0.99978083
1492,0.62390447
1493,0.99973327
1494,0.98920316
1495,0.034292083
1496,0.96000665
1497,0.98396134
1498,0.8170734
1499,0.9883493
1500,0.9995753
1501,0.9975454
1502,0.48156598
1503,0.9805288
1504,0.99715424
1505,0.28853285
1506,0.86235124
1507,0.39199156
1508,0.05065744
1509,0.968908
1510,0.8505073
1511,0.40651792
1512,0.99878794
1513,0.3179658
1514,0.99897456
1515,0.13113111
1516,0.5913358
1517,0.97515625
1518,0.88365716
1519,0.9956649
1520,0.29829192
1521,0.70067894
1522,0.036344137
1523,0.9905849
1524,0.42818952
1525,0.11608044
1526,0.9301273
1527,0.9968546
1528,0.9795926
1529,0.07115991
1530,0.9924573
1531,0.9759192
1532,0.99993813
1533,0.9999995
1534,0.99228036
1535,0.9872069
1536,0.08025221
1537,0.5878396
1538,0.97352093
1539,0.9455766
1540,0.024682602
1541,0.1134876
1542,6.698871e-08
1543,0.9650316
1544,0.1154739
1545,0.9976209
1546,0.9953939
1547,0.9880598
1548,0.96838737
1549,0.9995821
1550,0.12439362
1551,0.43279877
1552,0.98814744
1553,0.8044569
1554,0.9432334
1555,0.9954249
1556,0.005501129
1557,0.01673234
1558,0.30178154
1559,0.9887462
1560,0.9680393
1561,0.99995065
1562,0.01798456
1563,0.46340683
1564,0.7677748
1565,0.9983681
1566,0.0014673217
1567,0.9885966
1568,0.009955204
1569,0.9901029
1570,0.99882907
1571,0.3634671
1572,0.003755335
1573,0.41089967
1574,0.627043
1575,0.9666421
1576,0.9997229
1577,0.999908
1578,0.9407971
1579,0.9999989
1580,0.9718062
1581,0.1161911
1582,0.6685468
1583,0.95996255
1584,0.81690013
1585,0.97708374
1586,0.00039827346
1587,0.84982276
1588,0.9758463
1589,0.99981934
1590,0.105344005
1591,0.8755535
1592,0.05368667
1593,0.9786033
1594,0.89827657
1595,0.98759425
1596,0.98522884
1597,0.8571548
1598,0.9942074
1599,0.9985066
1600,0.44677374
1601,0.90450615
1602,0.49510232
1603,0.9916808
1604,0.9999522
1605,0.97722137
1606,0.9952663
1607,0.9565555
1608,0.9993662
1609,0.2473534
1610,0.6258122
1611,0.99442
1612,0.0039162035
1613,0.112429775
1614,0.000532083
1615,0.9996063
1616,0.020697068
1617,0.9997218
1618,0.661293
1619,0.9752226
1620,0.97364646
1621,0.9999542
1622,0.92062974
1623,0.98713315
1624,0.9999584
1625,0.3777917
1626,0.9723517
1627,0.97352356
1628,0.9518464
1629,0.7694529
1630,0.8666724
1631,0.97103477
1632,0.98355573
1633,0.93619025
1634,0.10072795
1635,0.021178277
1636,0.9933242
1637,0.84501004
1638,0.47727376
1639,0.97161466
1640,0.23128043
1641,0.98854953
1642,0.9215921
1643,0.9616234
1644,0.924336
1645,0.46019402
1646,0.9607381
1647,0.9698674
1648,0.9789925
1649,0.995501
1650,0.97776586
1651,0.9876632
1652,0.06130572
1653,0.0069973576
1654,0.067479216
1655,0.99964464
1656,0.003893746
1657,0.20743234
1658,0.9884786
1659,0.73269475
1660,0.99999094
1661,0.98759335
1662,0.9933975
1663,0.97267705
1664,0.9485327
1665,0.9999422
1666,0.99889886
1667,0.998669
1668,0.97167015
1669,0.027247673
1670,0.845675
1671,0.4713199
1672,0.9599149
1673,0.9988722
1674,0.9971245
1675,0.9954809
1676,0.35985354
1677,0.99492407
1678,0.50056255
1679,0.82025826
1680,0.60150284
1681,0.003662995
1682,0.9396974
1683,0.0017304098
1684,0.077255
1685,0.98979026
1686,0.9881004
1687,0.99839884
1688,0.8006258
1689,0.8844602
1690,0.92757815
1691,0.9945574
1692,0.79552704
1693,0.9741532
1694,0.98440844
1695,0.9433219
1696,0.93716115
1697,0.9642758
1698,0.13554488
1699,0.9989409
1700,0.44307452
1701,0.9986401
1702,0.9869537
1703,0.16304559
1704,0.9830084
1705,0.9717863
1706,0.56705225
1707,0.30618295
1708,0.08867974
1709,0.00033691412
1710,0.749715
1711,0.0033958282
1712,0.06496966
1713,0.061642237
1714,0.03818009
1715,0.03207139
1716,0.060570236
1717,7.668169e-05
1718,0.3065778
1719,5.3835647e-09
1720,0.0001446756
1721,9.756322e-08
1722,0.87768674
1723,0.25527158
1724,5.842806e-05
1725,0.20913905
1726,0.06919636
1727,0.735087
1728,0.006329587
1729,0.010366522
1730,0.010974753
1731,0.000118605065
1732,0.0027418789
1733,4.6632863e-06
1734,0.0010867055
1735,0.005161949
1736,0.24693084
1737,0.00026508368
1738,0.00024106563
1739,0.09166122
1740,0.0008726116
1741,0.0010699333
1742,0.00026768257
1743,7.783161e-06
1744,0.0060825907
1745,0.9839787
1746,0.00031787105
1747,0.044665556
1748,0.055256937
1749,3.7014157e-05
1750,0.3027352
1751,0.028947303
1752,1.2978655e-05
1753,0.00550697
1754,0.00016503852
1755,8.184694e-05
1756,0.0050914222
1757,0.0010191936
1758,0.037808556
1759,0.0001974437
1760,0.002167834
1761,7.223519e-05
1762,0.0009089642
1763,0.0015032637
1764,0.91632646
1765,0.5094288
1766,0.056623403
1767,0.010196
1768,2.8376763e-12
1769,0.015691198
1770,0.02236948
1771,0.006378383
1772,0.32397017
1773,5.474613e-10
1774,0.06334133
1775,0.00027978758
1776,0.011549469
1777,0.022214048
1778,1.5009653e-05
1779,4.7847476e-07
1780,0.046445124
1781,0.0017367434
1782,0.71808326
1783,0.00050661684
1784,0.00034958086
1785,0.037891965
1786,0.0006829482
1787,0.0011990521
1788,0.90431154
1789,0.03558175
1790,0.00019932582
1791,3.3419634e-05
1792,0.6628842
1793,0.0039267885
1794,0.001524139
1795,0.032347396
1796,2.6243054e-09
1797,0.0761668
1798,0.08331078
1799,0.22025664
1800,0.04636798
1801,0.00044443374
1802,0.00013837397
1803,0.06936579
1804,0.00013047982
1805,0.009652925
1806,0.040574696
1807,0.00013681216
1808,0.09324108
1809,0.36455256
1810,0.43893534
1811,0.8387283
1812,1.4311383e-09
1813,0.010307284
1814,0.24050808
1815,4.395044e-05
1816,0.9639008
1817,9.8977594e-05
1818,0.3285587
1819,0.124788135
1820,3.9055343e-05
1821,0.05592815
1822,0.00017068697
1823,0.035382368
1824,9.4573124e-07
1825,0.0070749717
1826,0.00081192324
1827,0.013058083
1828,0.016187243
1829,3.2538148e-06
1830,1.4506525e-06
1831,0.00090853387
1832,0.0102304565
1833,0.0007676281
1834,0.0011244644
1835,0.5546319
1836,0.058527343
1837,0.1294661
1838,1.2987342e-06
1839,0.00039516305
1840,3.4562774e-08
1841,0.00014173669
1842,0.0035359166
1843,0.0058492227
1844,0.025695024
1845,0.24371886
1846,0.8533056
1847,0.25828037
1848,0.007365324
1849,2.3910348e-05
1850,5.1913357e-06
1851,0.0007649081
1852,0.008289944
1853,0.00012278717
1854,0.0042111645
1855,0.0048284135
1856,0.0021832318
1857,3.51882e-05
1858,0.23743397
1859,0.8456863
1860,3.287349e-05
1861,0.50632244
1862,0.21508504
1863,1.2310203e-05
1864,4.2758634e-06
1865,0.20141485
1866,1.8417791e-06
1867,0.00412813
1868,1.5908279e-07
1869,0.013716726
1870,0.01485877
1871,9.497276e-06
1872,0.13988736
1873,1.604927e-05
1874,0.0016195463
1875,0.2558205
1876,0.06862965
1877,0.009361708
1878,8.822286e-10
1879,0.00015439901
1880,7.982867e-06
1881,0.0012263381
1882,0.0052062725
1883,0.019385245
1884,0.008973488
1885,2.3741279e-05
1886,0.12290563
1887,2.0101492e-05
1888,1.7663197e-06
1889,7.894788e-05
1890,0.011236659
1891,2.3023479e-06
1892,0.0002552258
1893,0.00020544718
1894,0.9150918
1895,0.5871864
1896,3.8262942e-06
1897,2.1140636e-06
1898,0.034649063
1899,0.0049210275
1900,0.0022205452
1901,6.672156e-07
1902,4.225745e-05
1903,0.007309826
1904,0.8888834
1905,0.55116314
1906,0.37630007
1907,0.010266692
1908,0.0016933631
1909,0.13397576
1910,0.00038356995
1911,0.029652148
1912,3.658511e-05
1913,0.015147962
1914,0.18490225
1915,0.07291018
1916,0.00018612173
1917,0.6688741
1918,0.005985332
1919,0.034360558
1920,0.24453318
1921,0.0991137
1922,7.350598e-05
1923,0.88315696
1924,7.630487e-07
1925,0.07822021
1926,7.398523e-07
1927,0.8722519
1928,0.02950365
1929,0.02465376
1930,0.0010936195
1931,2.8963843e-05
1932,0.008174573
1933,7.186632e-06
1934,2.9074656e-07
1935,0.0036031837
1936,0.38544208
1937,0.051779605
1938,2.0143156e-05
1939,3.8072832e-07
1940,0.3101828
1941,3.5996816e-08
1942,0.7717484
1943,2.5164757e-06
1944,1.4405305e-05
1945,0.00067837245
1946,1.0512253e-09
1947,1.25392e-05
1948,3.4191314e-09
1949,0.0007935692
1950,0.90991604
1951,0.00031254906
1952,0.0020780466
1953,0.00014655951
1954,6.018778e-06
1955,0.00030969916
1956,0.002320717
1957,0.0052714106
1958,8.607573e-09
1959,0.0020741366
1960,3.89044e-07
1961,0.008982941
1962,2.5109877e-05
1963,2.8202465e-13
1964,1.2738232e-09
1965,1.6840688e-09
1966,0.00015112406
1967,0.0018889685
1968,9.4997165e-07
1969,0.0027224817
1970,1.8835951e-08
1971,0.0030144048
1972,1.2677017e-05
1973,0.00017628632
1974,0.03820602
1975,3.0438128e-05
1976,0.017461527
1977,0.571151
1978,0.0796104
1979,1.0404509e-05
1980,0.0001479417
1981,0.0005444758
1982,1.2883116e-06
1983,0.016518438
1984,0.0016713333
1985,0.0054690097
1986,0.00055994274
1987,0.0010871631
1988,0.022781894
1989,0.21095712
1990,0.0004912866
1991,0.00017461975
1992,5.812869e-06
1993,0.008452147
1994,0.0011447907
1995,0.80878747
1996,0.017605288
1997,0.049946778
1998,0.018627275
1999,3.076294e-08
2000,2.9710929e-08
2001,0.03292673
2002,0.00043893504
2003,0.051499948
2004,3.1993648e-05
2005,2.68691e-06
2006,0.001639344
2007,8.8862376e-05
2008,0.0049744397
2009,0.039831426
2010,7.257422e-07
2011,0.05907703
2012,0.49933493
2013,0.055733062
2014,0.0063349106
2015,0.06534668
2016,0.00083943666
2017,0.0014629603
2018,1.2140682e-06
2019,0.17901151
2020,3.447253e-05
2021,0.013106929
2022,1.8480371e-08
2023,0.0023053926
2024,0.27057046
2025,8.0120546e-05
2026,0.039141104
2027,0.008111769
2028,2.0519663e-05
2029,3.1955013e-05
2030,3.631533e-05
2031,0.0004005067
2032,0.00015240183
2033,0.030309279
2034,2.7533853e-05
2035,0.001180796
2036,0.008052258
2037,2.3278768e-09
2038,0.015014819
2039,0.7768613
2040,0.0003784894
2041,0.09822642
2042,0.00012709708
2043,0.025571896
2044,0.023821758
2045,0.002219035
2046,0.28213257
2047,0.9995395
2048,0.0048935073
2049,0.003767618
2050,0.0008310339
2051,4.9577473e-05
2052,6.8076865e-08
2053,0.0014431291
2054,0.04176476
2055,0.00026968657
2056,0.027194915
2057,0.61538184
2058,0.0016386821
2059,0.9675136
2060,7.024549e-05
2061,0.03306425
2062,5.4049756e-06
2063,0.0061379406
2064,6.173026e-05
2065,0.046466585
2066,7.2040752e-06
2067,0.006973662
2068,0.01805459
2069,0.40616998
2070,0.0012684091
2071,0.029935174
2072,0.0037537604
2073,0.03157564
2074,0.020393848
2075,0.2370143
2076,0.0063185305
2077,0.07106742
2078,4.486007e-08
2079,3.3282875e-05
2080,0.62093073
2081,0.0009419521
2082,0.26801288
2083,0.0033890875
2084,0.0004492848
2085,0.011514291
2086,0.011968764
2087,0.08816016
2088,0.101103164
2089,5.2750936e-11
2090,0.9352728
2091,1.6265741e-06
2092,0.07501273
2093,0.98708063
2094,2.8137558e-07
2095,0.026473014
2096,9.798291e-05
2097,2.9525596e-05
2098,8.350856e-06
2099,0.20068023
2100,0.007950741
2101,0.003467204
2102,0.02717619
2103,0.61874497
2104,0.015273423
2105,1.5921018e-05
2106,0.0020877577
2107,0.79002523
2108,0.34140438
2109,0.0003996973
2110,0.9823788
2111,0.09898251
2112,0.0019007782
2113,3.424961e-05
2114,0.00044724063
2115,7.2489416e-07
2116,0.045597646
2117,0.27222377
2118,0.00017312169
2119,0.00067004387
2120,2.1198845e-08
2121,1.2030993e-05
2122,0.9408913
2123,0.00019736541
2124,0.089720406
2125,1.2910512e-05
2126,0.06730538
2127,3.0863737e-07
2128,0.0014102651
2129,0.0014655628
2130,0.003980772
2131,0.4155004
2132,0.3846065
2133,2.3981548e-07
2134,0.79300004
2135,7.3961735e-07
2136,0.07032116
2137,0.8406655
2138,0.00032601747
2139,3.2154472e-05
2140,0.01475098
2141,0.029834097
2142,0.00094833615
2143,0.09296794
2144,0.11874651
2145,0.019100573
2146,0.002553702
2147,3.7724774e-05
2148,0.14074649
2149,0.3285589
2150,1.7151206e-05
2151,0.0010562169
2152,4.4448484e-07
2153,0.24785401
2154,0.00080376957
2155,7.8836077e-10
2156,0.08128838
2157,0.8208985
2158,0.660032
2159,0.17551205
2160,0.22176117
2161,2.82316e-06
2162,0.04006874
2163,9.46667e-07
2164,0.06723459
2165,0.039361052
2166,0.112266466
2167,0.013965649
2168,0.09191474
2169,1.545711e-05
2170,0.022066375
2171,0.0029918402
2172,0.10080966
2173,0.0050421427
2174,4.7084613e-06
2175,4.3996106e-06
2176,0.002088503
2177,0.00035235763
2178,0.01733926
2179,0.014115193
2180,8.977286e-07
2181,0.029278751
2182,0.0073892493
2183,0.85974395
2184,0.007252361
2185,0.029910937
2186,2.635926e-06
2187,1.130733e-05
2188,0.003509962
2189,0.0033663393
2190,0.029924858
2191,0.02485645
2192,0.8795867
2193,0.0036290437
2194,0.049866833
2195,2.5287225e-05
2196,0.018249962
2197,0.0078014066
2198,1.5198871e-08
2199,0.0046931836
2200,0.09314868
2201,0.00036806098
2202,0.0042177425
2203,5.0736335e-06
2204,0.00087719236
2205,0.00066974
2206,0.24167494
2207,0.00014997333
2208,0.2600787
2209,2.7880692e-10
2210,0.00011171123
2211,0.00065645133
2212,0.0024166326
2213,0.65972584
2214,9.437608e-09
2215,1.9447384e-10
2216,6.6327852e-06
2217,0.005333723
2218,0.3292646
2219,7.3723113e-06
2220,0.05331623
2221,0.0032335434
2222,1.0495716e-05
2223,2.2094147e-05
2224,0.00082940864
